System,Coin,Combo,Signal Time (PKT),Entry,Exit Reason,Exit Price,P/L %,Logged At (UTC)
CE Buy-Only,BTC/USDT,Chandelier Cross,2026-09-12 06:00 AM PKT,77280.7,STOPPED,77295.3,0.02,2026-09-28T18:53:04.251899+00:00
CE Buy-Only,BTC/USDT,Chandelier Cross,2026-09-15 03:00 PM PKT,77045.6,STOPPED,76910.813636,-0.17,2026-09-28T18:53:04.254168+00:00
CE Buy-Only,BTC/USDT,Chandelier Cross,2026-09-20 08:00 AM PKT,80498.8,STOPPED,80431.904545,-0.08,2026-09-28T18:53:04.256359+00:00
CE Buy-Only,BTC/USDT,Chandelier Cross,2026-09-23 09:00 PM PKT,84033.2,STOPPED,83750.2,-0.34,2026-09-28T18:53:04.258476+00:00
CE Buy-Only,BTC/USDT,Chandelier Cross,2026-09-28 04:00 PM PKT,83087.0,STOPPED,83561.9,0.57,2026-09-28T18:53:04.261262+00:00
Union AB,ETH/USDT,EMA+Breakout,2026-09-11 06:00 PM PKT,2629.61,STOPPED,2512.03125,-4.47,2026-09-28T18:53:04.924421+00:00
Union AB,ETH/USDT,EMA+Breakout,2026-09-21 05:00 AM PKT,2689.27,STOPPED,2716.51,1.01,2026-09-28T18:53:04.928316+00:00
Union AB Backup Tier,ETH/USDT,EMA+Breakout,2026-09-11 06:00 PM PKT,2629.61,STOPPED,2512.03125,-4.47,2026-09-28T18:53:04.929979+00:00
Union AB Backup Tier,ETH/USDT,EMA+Breakout,2026-09-21 05:00 AM PKT,2689.27,STOPPED,2716.51,1.01,2026-09-28T18:53:04.933091+00:00
CE Buy-Only,ETH/USDT,Chandelier Cross,2026-09-10 06:00 PM PKT,2435.64,STOPPED,2435.771875,0.01,2026-09-28T18:53:04.959033+00:00
CE Buy-Only,ETH/USDT,Chandelier Cross,2026-09-12 06:00 AM PKT,2514.03,STOPPED,2514.56,0.02,2026-09-28T18:53:04.961178+00:00
CE Buy-Only,ETH/USDT,Chandelier Cross,2026-09-13 04:00 PM PKT,2481.12,STOPPED,2477.91,-0.13,2026-09-28T18:53:04.963302+00:00
CE Buy-Only,ETH/USDT,Chandelier Cross,2026-09-15 02:00 PM PKT,2474.56,STOPPED,2471.817273,-0.11,2026-09-28T18:53:04.965383+00:00
CE Buy-Only,ETH/USDT,Chandelier Cross,2026-09-20 08:00 AM PKT,2587.88,STOPPED,2585.638182,-0.09,2026-09-28T18:53:04.967443+00:00
CE Buy-Only,ETH/USDT,Chandelier Cross,2026-09-23 09:00 PM PKT,2660.94,STOPPED,2652.841364,-0.3,2026-09-28T18:53:04.969496+00:00
Pullback-in-Uptrend,ETH/USDT,EMA20 Pullback,2026-09-08 06:00 AM PKT,2504.02,STOPPED,2451.770313,-2.09,2026-09-28T18:53:04.974565+00:00
Pullback-in-Uptrend,ETH/USDT,EMA20 Pullback,2026-09-09 03:00 AM PKT,2489.01,STOPPED,2461.767813,-1.09,2026-09-28T18:53:04.976619+00:00
Pullback-in-Uptrend,ETH/USDT,EMA20 Pullback,2026-09-11 01:00 PM PKT,2476.41,STOPPED,2532.490937,2.26,2026-09-28T18:53:04.978303+00:00
Pullback-in-Uptrend,ETH/USDT,EMA20 Pullback,2026-09-12 12:00 PM PKT,2523.78,STOPPED,2520.925625,-0.11,2026-09-28T18:53:04.980023+00:00
Pullback-in-Uptrend,ETH/USDT,EMA20 Pullback,2026-09-14 01:00 AM PKT,2512.98,STOPPED,2519.51375,0.26,2026-09-28T18:53:04.982210+00:00
Pullback-in-Uptrend,ETH/USDT,EMA20 Pullback,2026-09-14 09:00 PM PKT,2529.07,STOPPED,2519.51375,-0.38,2026-09-28T18:53:04.983776+00:00
Pullback-in-Uptrend,ETH/USDT,EMA20 Pullback,2026-09-17 08:00 PM PKT,2470.11,STOPPED,2613.53,5.81,2026-09-28T18:53:04.986926+00:00
Pullback-in-Uptrend,ETH/USDT,EMA20 Pullback,2026-09-18 12:00 PM PKT,2489.8,STOPPED,2613.53,4.97,2026-09-28T18:53:04.989574+00:00
Pullback-in-Uptrend,ETH/USDT,EMA20 Pullback,2026-09-19 01:00 PM PKT,2645.11,STOPPED,2613.53,-1.19,2026-09-28T18:53:04.991490+00:00
Pullback-in-Uptrend,ETH/USDT,EMA20 Pullback,2026-09-20 09:00 PM PKT,2640.03,STOPPED,2715.024062,2.84,2026-09-28T18:53:04.994838+00:00
Pullback-in-Uptrend,ETH/USDT,EMA20 Pullback,2026-09-21 01:00 PM PKT,2696.74,STOPPED,2715.024062,0.68,2026-09-28T18:53:04.997906+00:00
Donchian Breakout,ETH/USDT,20-period High,2026-09-09 01:00 PM PKT,2519.73,STOPPED,2461.767813,-2.3,2026-09-28T18:53:05.003367+00:00
Donchian Breakout,ETH/USDT,20-period High,2026-09-11 01:00 PM PKT,2476.41,STOPPED,2532.490937,2.26,2026-09-28T18:53:05.005053+00:00
Donchian Breakout,ETH/USDT,20-period High,2026-09-14 11:00 PM PKT,2538.8,STOPPED,2519.51375,-0.76,2026-09-28T18:53:05.006617+00:00
Donchian Breakout,ETH/USDT,20-period High,2026-09-17 05:00 PM PKT,2459.8,STOPPED,2613.53,6.25,2026-09-28T18:53:05.009836+00:00
Donchian Breakout,ETH/USDT,20-period High,2026-09-18 01:00 PM PKT,2504.83,STOPPED,2613.53,4.34,2026-09-28T18:53:05.012465+00:00
Donchian Breakout,ETH/USDT,20-period High,2026-09-21 05:00 AM PKT,2689.27,STOPPED,2715.024062,0.96,2026-09-28T18:53:05.015596+00:00
Donchian Breakout,ETH/USDT,20-period High,2026-09-22 01:00 AM PKT,2784.43,STOPPED,2715.024062,-2.49,2026-09-28T18:53:05.018233+00:00
NEW AdvancedConfluence,XRP/USDT,CHoCH,2026-09-25 04:00 PM PKT,1.59482,STOPPED,1.566922,-1.75,2026-09-28T18:53:05.698439+00:00
CE Buy-Only,XRP/USDT,Chandelier Cross,2026-09-13 03:00 PM PKT,1.34069,STOPPED,1.340276,-0.03,2026-09-28T18:53:05.703038+00:00
CE Buy-Only,XRP/USDT,Chandelier Cross,2026-09-15 01:00 PM PKT,1.39796,STOPPED,1.40266,0.34,2026-09-28T18:53:05.705145+00:00
CE Buy-Only,XRP/USDT,Chandelier Cross,2026-09-16 05:00 AM PKT,1.28724,STOPPED,1.27575,-0.89,2026-09-28T18:53:05.707239+00:00
CE Buy-Only,XRP/USDT,Chandelier Cross,2026-09-20 08:00 AM PKT,1.38223,STOPPED,1.38131,-0.07,2026-09-28T18:53:05.709326+00:00
CE Buy-Only,XRP/USDT,Chandelier Cross,2026-09-23 10:00 PM PKT,1.50356,STOPPED,1.496062,-0.5,2026-09-28T18:53:05.711378+00:00
Union AB,NEAR/USDT,Ichimoku+MS,2026-09-25 02:00 PM PKT,4.9152,STOPPED,5.081688,3.39,2026-09-28T18:53:06.374285+00:00
Union AB Backup Tier,NEAR/USDT,Ichimoku+MS,2026-09-25 02:00 PM PKT,4.9152,STOPPED,5.081688,3.39,2026-09-28T18:53:06.378015+00:00
CE Buy-Only,NEAR/USDT,Chandelier Cross,2026-09-12 10:00 AM PKT,2.351,STOPPED,2.3496,-0.06,2026-09-28T18:53:06.403989+00:00
CE Buy-Only,NEAR/USDT,Chandelier Cross,2026-09-15 12:00 PM PKT,2.3584,STOPPED,2.352577,-0.25,2026-09-28T18:53:06.406025+00:00
Pullback-in-Uptrend,NEAR/USDT,EMA20 Pullback,2026-09-19 10:00 AM PKT,3.6837,STOPPED,3.553794,-3.53,2026-09-28T18:53:06.412301+00:00
Pullback-in-Uptrend,NEAR/USDT,EMA20 Pullback,2026-09-20 05:00 PM PKT,3.7233,STOPPED,4.242622,13.95,2026-09-28T18:53:06.415876+00:00
Pullback-in-Uptrend,NEAR/USDT,EMA20 Pullback,2026-09-21 03:00 PM PKT,4.2698,STOPPED,4.242622,-0.64,2026-09-28T18:53:06.418811+00:00
Pullback-in-Uptrend,NEAR/USDT,EMA20 Pullback,2026-09-22 10:00 AM PKT,4.4033,STOPPED,4.242622,-3.65,2026-09-28T18:53:06.421201+00:00
Pullback-in-Uptrend,NEAR/USDT,EMA20 Pullback,2026-09-23 01:00 PM PKT,4.5426,STOPPED,4.242622,-6.6,2026-09-28T18:53:06.422785+00:00
Pullback-in-Uptrend,NEAR/USDT,EMA20 Pullback,2026-09-25 04:00 AM PKT,4.5899,STOPPED,5.081688,10.71,2026-09-28T18:53:06.426562+00:00
Pullback-in-Uptrend,NEAR/USDT,EMA20 Pullback,2026-09-26 03:00 AM PKT,4.9651,STOPPED,5.081688,2.35,2026-09-28T18:53:06.429611+00:00
Pullback-in-Uptrend,NEAR/USDT,EMA20 Pullback,2026-09-27 02:00 AM PKT,5.0413,STOPPED,5.081688,0.8,2026-09-28T18:53:06.432028+00:00
Pullback-in-Uptrend,NEAR/USDT,EMA20 Pullback,2026-09-27 06:00 PM PKT,5.2546,STOPPED,5.081688,-3.29,2026-09-28T18:53:06.433971+00:00
Donchian Breakout,NEAR/USDT,20-period High,2026-09-17 12:00 PM PKT,2.7218,STOPPED,3.553794,30.57,2026-09-28T18:53:06.440754+00:00
Donchian Breakout,NEAR/USDT,20-period High,2026-09-18 04:00 AM PKT,3.148,STOPPED,3.553794,12.89,2026-09-28T18:53:06.443452+00:00
Donchian Breakout,NEAR/USDT,20-period High,2026-09-18 10:00 PM PKT,3.8023,STOPPED,3.553794,-6.54,2026-09-28T18:53:06.445610+00:00
Donchian Breakout,NEAR/USDT,20-period High,2026-09-20 05:00 PM PKT,3.7233,STOPPED,4.242622,13.95,2026-09-28T18:53:06.449212+00:00
Donchian Breakout,NEAR/USDT,20-period High,2026-09-21 09:00 AM PKT,4.416,STOPPED,4.242622,-3.93,2026-09-28T18:53:06.452364+00:00
Donchian Breakout,NEAR/USDT,20-period High,2026-09-23 04:00 PM PKT,4.6913,STOPPED,4.242622,-9.56,2026-09-28T18:53:06.453858+00:00
Donchian Breakout,NEAR/USDT,20-period High,2026-09-25 12:00 AM PKT,4.7632,STOPPED,5.081688,6.69,2026-09-28T18:53:06.457701+00:00
Donchian Breakout,NEAR/USDT,20-period High,2026-09-25 06:00 PM PKT,5.1722,STOPPED,5.081688,-1.75,2026-09-28T18:53:06.461018+00:00
Donchian Breakout,NEAR/USDT,20-period High,2026-09-27 02:00 AM PKT,5.0413,STOPPED,5.081688,0.8,2026-09-28T18:53:06.463439+00:00
Donchian Breakout,NEAR/USDT,20-period High,2026-09-28 02:00 AM PKT,5.5497,STOPPED,5.081688,-8.43,2026-09-28T18:53:06.465029+00:00
Union AB,QNT/USDT,EMA+Breakout,2026-09-28 03:00 AM PKT,343.75,STOPPED,259.117375,-24.62,2026-09-28T18:53:07.116608+00:00
Union AB Backup Tier,QNT/USDT,EMA+Breakout,2026-09-28 03:00 AM PKT,343.75,STOPPED,259.117375,-24.62,2026-09-28T18:53:07.118065+00:00
CE Buy-Only,QNT/USDT,Chandelier Cross,2026-09-10 06:00 PM PKT,65.425,STOPPED,65.531,0.16,2026-09-28T18:53:07.141889+00:00
CE Buy-Only,QNT/USDT,Chandelier Cross,2026-09-14 07:00 AM PKT,63.252,STOPPED,63.619,0.58,2026-09-28T18:53:07.144003+00:00
CE Buy-Only,QNT/USDT,Chandelier Cross,2026-09-15 08:00 PM PKT,62.558,STOPPED,62.474,-0.13,2026-09-28T18:53:07.146102+00:00
Pullback-in-Uptrend,QNT/USDT,EMA20 Pullback,2026-09-25 07:00 PM PKT,95.247,STOPPED,274.865969,188.58,2026-09-28T18:53:07.154231+00:00
Pullback-in-Uptrend,QNT/USDT,EMA20 Pullback,2026-09-27 06:00 PM PKT,162.281,STOPPED,274.865969,69.38,2026-09-28T18:53:07.155845+00:00
Donchian Breakout,QNT/USDT,20-period High,2026-09-25 09:00 AM PKT,97.607,STOPPED,274.865969,181.6,2026-09-28T18:53:07.164429+00:00
Donchian Breakout,QNT/USDT,20-period High,2026-09-26 02:00 PM PKT,107.758,STOPPED,274.865969,155.08,2026-09-28T18:53:07.166944+00:00
Donchian Breakout,QNT/USDT,20-period High,2026-09-27 06:00 AM PKT,181.779,STOPPED,274.865969,51.21,2026-09-28T18:53:07.168908+00:00
Donchian Breakout,QNT/USDT,20-period High,2026-09-28 01:00 AM PKT,196.657,STOPPED,274.865969,39.77,2026-09-28T18:53:07.170328+00:00
Union AB,SUI/USDT,Ichimoku+MS,2026-09-27 11:00 AM PKT,1.1966,STOPPED,1.189484,-0.59,2026-09-28T18:53:07.817320+00:00
Union AB Backup Tier,SUI/USDT,Ichimoku+MS,2026-09-27 11:00 AM PKT,1.1966,STOPPED,1.189484,-0.59,2026-09-28T18:53:07.819449+00:00
Union AB,SUI/USDT,EMA+Breakout,2026-09-25 04:00 PM PKT,1.1391,STOPPED,1.138825,-0.02,2026-09-28T18:53:07.824842+00:00
Union AB Backup Tier,SUI/USDT,EMA+Breakout,2026-09-25 04:00 PM PKT,1.1391,STOPPED,1.138825,-0.02,2026-09-28T18:53:07.827601+00:00
CE Buy-Only,SUI/USDT,Chandelier Cross,2026-09-15 01:00 PM PKT,0.7091,STOPPED,0.7107,0.23,2026-09-28T18:53:07.852469+00:00
Pullback-in-Uptrend,SUI/USDT,EMA20 Pullback,2026-09-25 08:00 AM PKT,1.0119,STOPPED,1.141253,12.78,2026-09-28T18:53:07.859855+00:00
Pullback-in-Uptrend,SUI/USDT,EMA20 Pullback,2026-09-27 06:00 AM PKT,1.1805,STOPPED,1.189484,0.76,2026-09-28T18:53:07.862317+00:00
Pullback-in-Uptrend,SUI/USDT,EMA20 Pullback,2026-09-28 04:00 AM PKT,1.2643,STOPPED,1.189484,-5.92,2026-09-28T18:53:07.863878+00:00
Donchian Breakout,SUI/USDT,20-period High,2026-09-25 03:00 PM PKT,1.0711,STOPPED,1.141253,6.55,2026-09-28T18:53:07.869966+00:00
Donchian Breakout,SUI/USDT,20-period High,2026-09-27 11:00 AM PKT,1.1966,STOPPED,1.189484,-0.59,2026-09-28T18:53:07.871990+00:00
Union AB,XMR/USDT,Ichimoku+MS,2026-09-18 08:00 PM PKT,569.83,STOPPED,554.515313,-2.69,2026-09-28T18:53:08.513391+00:00
Union AB Backup Tier,XMR/USDT,Ichimoku+MS,2026-09-18 08:00 PM PKT,569.83,STOPPED,554.515313,-2.69,2026-09-28T18:53:08.514869+00:00
Union AB,XMR/USDT,EMA+Breakout,2026-09-21 11:00 AM PKT,615.47,STOPPED,573.09625,-6.88,2026-09-28T18:53:08.518203+00:00
Union AB Backup Tier,XMR/USDT,EMA+Breakout,2026-09-21 11:00 AM PKT,615.47,STOPPED,573.09625,-6.88,2026-09-28T18:53:08.519933+00:00
NEW AdvancedConfluence,XMR/USDT,CHoCH,2026-09-18 08:00 PM PKT,569.83,STOPPED,564.91,-0.86,2026-09-28T18:53:08.541994+00:00
CE Buy-Only,XMR/USDT,Chandelier Cross,2026-09-20 03:00 AM PKT,547.46,STOPPED,547.36,-0.02,2026-09-28T18:53:08.546628+00:00
Pullback-in-Uptrend,XMR/USDT,EMA20 Pullback,2026-09-10 04:00 AM PKT,513.37,STOPPED,519.769375,1.25,2026-09-28T18:53:08.554077+00:00
Pullback-in-Uptrend,XMR/USDT,EMA20 Pullback,2026-09-10 11:00 PM PKT,515.4,STOPPED,519.769375,0.85,2026-09-28T18:53:08.557753+00:00
Pullback-in-Uptrend,XMR/USDT,EMA20 Pullback,2026-09-11 05:00 PM PKT,513.49,STOPPED,519.769375,1.22,2026-09-28T18:53:08.560876+00:00
Pullback-in-Uptrend,XMR/USDT,EMA20 Pullback,2026-09-12 04:00 PM PKT,533.48,STOPPED,519.278125,-2.66,2026-09-28T18:53:08.563327+00:00
Pullback-in-Uptrend,XMR/USDT,EMA20 Pullback,2026-09-13 03:00 PM PKT,540.28,STOPPED,517.65625,-4.19,2026-09-28T18:53:08.565099+00:00
Pullback-in-Uptrend,XMR/USDT,EMA20 Pullback,2026-09-15 02:00 PM PKT,519.43,STOPPED,499.072187,-3.92,2026-09-28T18:53:08.566746+00:00
Pullback-in-Uptrend,XMR/USDT,EMA20 Pullback,2026-09-17 08:00 PM PKT,515.0,STOPPED,554.515313,7.67,2026-09-28T18:53:08.568866+00:00
Pullback-in-Uptrend,XMR/USDT,EMA20 Pullback,2026-09-18 06:00 PM PKT,539.27,STOPPED,554.515313,2.83,2026-09-28T18:53:08.570381+00:00
Pullback-in-Uptrend,XMR/USDT,EMA20 Pullback,2026-09-19 10:00 AM PKT,574.46,STOPPED,546.073437,-4.94,2026-09-28T18:53:08.572300+00:00
Pullback-in-Uptrend,XMR/USDT,EMA20 Pullback,2026-09-20 08:00 PM PKT,544.71,STOPPED,579.701875,6.42,2026-09-28T18:53:08.574168+00:00
Pullback-in-Uptrend,XMR/USDT,EMA20 Pullback,2026-09-21 03:00 PM PKT,580.25,STOPPED,562.295313,-3.09,2026-09-28T18:53:08.575748+00:00
Donchian Breakout,XMR/USDT,20-period High,2026-09-09 07:00 PM PKT,514.21,STOPPED,519.769375,1.08,2026-09-28T18:53:08.583374+00:00
Donchian Breakout,XMR/USDT,20-period High,2026-09-11 06:00 PM PKT,520.25,STOPPED,519.769375,-0.09,2026-09-28T18:53:08.586489+00:00
Donchian Breakout,XMR/USDT,20-period High,2026-09-12 10:00 AM PKT,538.99,STOPPED,519.769375,-3.57,2026-09-28T18:53:08.589092+00:00
Donchian Breakout,XMR/USDT,20-period High,2026-09-17 07:00 PM PKT,509.37,STOPPED,554.515313,8.86,2026-09-28T18:53:08.591254+00:00
Donchian Breakout,XMR/USDT,20-period High,2026-09-18 11:00 AM PKT,530.6,STOPPED,554.515313,4.51,2026-09-28T18:53:08.592940+00:00
Donchian Breakout,XMR/USDT,20-period High,2026-09-20 10:00 PM PKT,552.77,STOPPED,579.701875,4.87,2026-09-28T18:53:08.594792+00:00
CE Buy-Only,TAO/USDT,Chandelier Cross,2026-09-15 09:00 AM PKT,232.7,STOPPED,231.574545,-0.48,2026-09-28T18:53:09.285365+00:00
CE Buy-Only,TAO/USDT,Chandelier Cross,2026-09-28 01:00 PM PKT,303.85,STOPPED,302.390455,-0.48,2026-09-28T18:53:09.287449+00:00
Pullback-in-Uptrend,ENA/USDT,EMA20 Pullback,2026-09-18 06:00 PM PKT,0.1636,STOPPED,0.205588,25.67,2026-09-28T18:53:09.987678+00:00
Pullback-in-Uptrend,ENA/USDT,EMA20 Pullback,2026-09-20 09:00 AM PKT,0.1982,STOPPED,0.205588,3.73,2026-09-28T18:53:09.990719+00:00
Pullback-in-Uptrend,ENA/USDT,EMA20 Pullback,2026-09-21 07:00 AM PKT,0.2131,STOPPED,0.205588,-3.53,2026-09-28T18:53:09.993056+00:00
Pullback-in-Uptrend,ENA/USDT,EMA20 Pullback,2026-09-23 07:00 AM PKT,0.2171,STOPPED,0.202541,-6.71,2026-09-28T18:53:09.994814+00:00
Pullback-in-Uptrend,ENA/USDT,EMA20 Pullback,2026-09-24 11:00 AM PKT,0.2096,STOPPED,0.265656,26.74,2026-09-28T18:53:09.998422+00:00
Pullback-in-Uptrend,ENA/USDT,EMA20 Pullback,2026-09-25 10:00 AM PKT,0.2225,STOPPED,0.265656,19.4,2026-09-28T18:53:10.001349+00:00
Pullback-in-Uptrend,ENA/USDT,EMA20 Pullback,2026-09-26 11:00 PM PKT,0.272,STOPPED,0.265656,-2.33,2026-09-28T18:53:10.003213+00:00
Pullback-in-Uptrend,ENA/USDT,EMA20 Pullback,2026-09-27 03:00 PM PKT,0.2718,STOPPED,0.269653,-0.79,2026-09-28T18:53:10.004890+00:00
Donchian Breakout,ENA/USDT,20-period High,2026-09-19 05:00 AM PKT,0.1747,STOPPED,0.205588,17.68,2026-09-28T18:53:10.012151+00:00
Donchian Breakout,ENA/USDT,20-period High,2026-09-19 09:00 PM PKT,0.205,STOPPED,0.205588,0.29,2026-09-28T18:53:10.015504+00:00
Donchian Breakout,ENA/USDT,20-period High,2026-09-20 09:00 PM PKT,0.2258,STOPPED,0.205588,-8.95,2026-09-28T18:53:10.018139+00:00
Donchian Breakout,ENA/USDT,20-period High,2026-09-24 06:00 PM PKT,0.2188,STOPPED,0.265656,21.41,2026-09-28T18:53:10.021531+00:00
Donchian Breakout,ENA/USDT,20-period High,2026-09-25 04:00 PM PKT,0.2413,STOPPED,0.265656,10.09,2026-09-28T18:53:10.024261+00:00
Donchian Breakout,ENA/USDT,20-period High,2026-09-26 09:00 AM PKT,0.2793,STOPPED,0.265656,-4.89,2026-09-28T18:53:10.026548+00:00
Donchian Breakout,ENA/USDT,20-period High,2026-09-27 10:00 PM PKT,0.2795,STOPPED,0.269653,-3.52,2026-09-28T18:53:10.028029+00:00
Union AB,ZEC/USDT,EMA+Breakout,2026-09-16 11:00 PM PKT,1335.263,TARGET,1593.78725,19.36,2026-09-28T18:53:10.695031+00:00
Union AB,ZEC/USDT,EMA+Breakout,2026-09-27 02:00 AM PKT,1682.704,STOPPED,1612.4245,-4.18,2026-09-28T18:53:10.697571+00:00
Union AB Backup Tier,ZEC/USDT,EMA+Breakout,2026-09-16 11:00 PM PKT,1335.263,TARGET,1593.78725,19.36,2026-09-28T18:53:10.700858+00:00
Union AB Backup Tier,ZEC/USDT,EMA+Breakout,2026-09-27 02:00 AM PKT,1682.704,STOPPED,1612.4245,-4.18,2026-09-28T18:53:10.702690+00:00
CE Buy-Only,ZEC/USDT,Chandelier Cross,2026-09-15 12:00 PM PKT,1138.733,STOPPED,1129.164545,-0.84,2026-09-28T18:53:10.726859+00:00
CE Buy-Only,ZEC/USDT,Chandelier Cross,2026-09-20 02:00 AM PKT,1470.002,STOPPED,1469.997636,-0.0,2026-09-28T18:53:10.728967+00:00
CE Buy-Only,ZEC/USDT,Chandelier Cross,2026-09-27 11:00 PM PKT,1612.052,STOPPED,1608.222,-0.24,2026-09-28T18:53:10.731180+00:00
Pullback-in-Uptrend,ZEC/USDT,EMA20 Pullback,2026-09-08 05:00 PM PKT,1160.421,STOPPED,1189.330687,2.49,2026-09-28T18:53:10.737738+00:00
Pullback-in-Uptrend,ZEC/USDT,EMA20 Pullback,2026-09-09 09:00 AM PKT,1243.192,STOPPED,1189.330687,-4.33,2026-09-28T18:53:10.740243+00:00
Pullback-in-Uptrend,ZEC/USDT,EMA20 Pullback,2026-09-10 04:00 AM PKT,1244.463,STOPPED,1189.330687,-4.43,2026-09-28T18:53:10.742584+00:00
Pullback-in-Uptrend,ZEC/USDT,EMA20 Pullback,2026-09-11 06:00 PM PKT,1208.312,STOPPED,1119.674281,-7.34,2026-09-28T18:53:10.745040+00:00
Pullback-in-Uptrend,ZEC/USDT,EMA20 Pullback,2026-09-12 03:00 PM PKT,1152.729,STOPPED,1119.674281,-2.87,2026-09-28T18:53:10.746774+00:00
Pullback-in-Uptrend,ZEC/USDT,EMA20 Pullback,2026-09-13 10:00 AM PKT,1148.04,STOPPED,1109.326031,-3.37,2026-09-28T18:53:10.748249+00:00
Pullback-in-Uptrend,ZEC/USDT,EMA20 Pullback,2026-09-14 10:00 AM PKT,1132.404,STOPPED,1135.445969,0.27,2026-09-28T18:53:10.750388+00:00
Pullback-in-Uptrend,ZEC/USDT,EMA20 Pullback,2026-09-15 05:00 AM PKT,1164.058,STOPPED,1135.445969,-2.46,2026-09-28T18:53:10.751964+00:00
Pullback-in-Uptrend,ZEC/USDT,EMA20 Pullback,2026-09-16 10:00 AM PKT,1156.335,STOPPED,1426.967938,23.4,2026-09-28T18:53:10.755025+00:00
Pullback-in-Uptrend,ZEC/USDT,EMA20 Pullback,2026-09-17 04:00 PM PKT,1366.431,STOPPED,1426.967938,4.43,2026-09-28T18:53:10.757218+00:00
Pullback-in-Uptrend,ZEC/USDT,EMA20 Pullback,2026-09-18 01:00 PM PKT,1486.016,STOPPED,1426.967938,-3.97,2026-09-28T18:53:10.758759+00:00
Pullback-in-Uptrend,ZEC/USDT,EMA20 Pullback,2026-09-19 10:00 AM PKT,1551.542,STOPPED,1484.505656,-4.32,2026-09-28T18:53:10.760492+00:00
Pullback-in-Uptrend,ZEC/USDT,EMA20 Pullback,2026-09-21 12:00 AM PKT,1516.611,STOPPED,1448.415031,-4.5,2026-09-28T18:53:10.762633+00:00
Pullback-in-Uptrend,ZEC/USDT,EMA20 Pullback,2026-09-21 04:00 PM PKT,1564.227,STOPPED,1448.415031,-7.4,2026-09-28T18:53:10.764319+00:00
Pullback-in-Uptrend,ZEC/USDT,EMA20 Pullback,2026-09-22 12:00 PM PKT,1514.88,STOPPED,1546.133375,2.06,2026-09-28T18:53:10.766681+00:00
Pullback-in-Uptrend,ZEC/USDT,EMA20 Pullback,2026-09-23 03:00 PM PKT,1651.221,STOPPED,1546.133375,-6.36,2026-09-28T18:53:10.768250+00:00
Pullback-in-Uptrend,ZEC/USDT,EMA20 Pullback,2026-09-25 03:00 AM PKT,1546.513,STOPPED,1519.787406,-1.73,2026-09-28T18:53:10.770228+00:00
Pullback-in-Uptrend,ZEC/USDT,EMA20 Pullback,2026-09-26 07:00 PM PKT,1549.619,STOPPED,1607.038031,3.71,2026-09-28T18:53:10.772326+00:00
Donchian Breakout,ZEC/USDT,20-period High,2026-09-08 07:00 PM PKT,1174.325,STOPPED,1189.330687,1.28,2026-09-28T18:53:10.777802+00:00
Donchian Breakout,ZEC/USDT,20-period High,2026-09-09 04:00 PM PKT,1267.483,STOPPED,1189.330687,-6.17,2026-09-28T18:53:10.779946+00:00
Donchian Breakout,ZEC/USDT,20-period High,2026-09-11 06:00 PM PKT,1208.312,STOPPED,1119.674281,-7.34,2026-09-28T18:53:10.782232+00:00
Donchian Breakout,ZEC/USDT,20-period High,2026-09-14 10:00 AM PKT,1132.404,STOPPED,1135.445969,0.27,2026-09-28T18:53:10.784384+00:00
Donchian Breakout,ZEC/USDT,20-period High,2026-09-16 11:00 AM PKT,1188.297,STOPPED,1426.967938,20.09,2026-09-28T18:53:10.787407+00:00
Donchian Breakout,ZEC/USDT,20-period High,2026-09-17 07:00 PM PKT,1424.293,STOPPED,1426.967938,0.19,2026-09-28T18:53:10.789477+00:00
Donchian Breakout,ZEC/USDT,20-period High,2026-09-19 04:00 AM PKT,1561.883,STOPPED,1484.505656,-4.95,2026-09-28T18:53:10.791390+00:00
Donchian Breakout,ZEC/USDT,20-period High,2026-09-21 12:00 AM PKT,1516.611,STOPPED,1448.415031,-4.5,2026-09-28T18:53:10.793573+00:00
Donchian Breakout,ZEC/USDT,20-period High,2026-09-21 04:00 PM PKT,1564.227,STOPPED,1448.415031,-7.4,2026-09-28T18:53:10.795265+00:00
Donchian Breakout,ZEC/USDT,20-period High,2026-09-22 04:00 PM PKT,1533.471,STOPPED,1546.133375,0.83,2026-09-28T18:53:10.797494+00:00
Donchian Breakout,ZEC/USDT,20-period High,2026-09-23 03:00 PM PKT,1651.221,STOPPED,1546.133375,-6.36,2026-09-28T18:53:10.799040+00:00
Donchian Breakout,ZEC/USDT,20-period High,2026-09-24 09:00 PM PKT,1543.056,STOPPED,1519.787406,-1.51,2026-09-28T18:53:10.801202+00:00
Donchian Breakout,ZEC/USDT,20-period High,2026-09-25 01:00 PM PKT,1586.643,STOPPED,1519.787406,-4.21,2026-09-28T18:53:10.802844+00:00
Donchian Breakout,ZEC/USDT,20-period High,2026-09-26 09:00 PM PKT,1569.102,STOPPED,1607.038031,2.42,2026-09-28T18:53:10.804882+00:00
CE Buy-Only,LINK/USDT,Chandelier Cross,2026-09-15 10:00 AM PKT,11.49,STOPPED,11.482727,-0.06,2026-09-28T18:53:11.472545+00:00
CE Buy-Only,LINK/USDT,Chandelier Cross,2026-09-20 08:00 AM PKT,12.0867,STOPPED,12.0523,-0.28,2026-09-28T18:53:11.474660+00:00
CE Buy-Only,LINK/USDT,Chandelier Cross,2026-09-23 09:00 PM PKT,12.2634,STOPPED,12.2954,0.26,2026-09-28T18:53:11.476740+00:00
Pullback-in-Uptrend,LINK/USDT,EMA20 Pullback,2026-09-11 06:00 PM PKT,12.0644,STOPPED,11.512428,-4.58,2026-09-28T18:53:11.481534+00:00
Pullback-in-Uptrend,LINK/USDT,EMA20 Pullback,2026-09-18 05:00 AM PKT,11.4351,STOPPED,12.167887,6.41,2026-09-28T18:53:11.484357+00:00
Pullback-in-Uptrend,LINK/USDT,EMA20 Pullback,2026-09-19 01:00 PM PKT,12.4084,STOPPED,12.167887,-1.94,2026-09-28T18:53:11.486280+00:00
Pullback-in-Uptrend,LINK/USDT,EMA20 Pullback,2026-09-20 09:00 PM PKT,12.5779,STOPPED,12.583397,0.04,2026-09-28T18:53:11.489700+00:00
Pullback-in-Uptrend,LINK/USDT,EMA20 Pullback,2026-09-21 01:00 PM PKT,12.8237,STOPPED,12.583397,-1.87,2026-09-28T18:53:11.492683+00:00
Pullback-in-Uptrend,LINK/USDT,EMA20 Pullback,2026-09-22 08:00 AM PKT,12.9961,STOPPED,12.583397,-3.18,2026-09-28T18:53:11.495053+00:00
Pullback-in-Uptrend,LINK/USDT,EMA20 Pullback,2026-09-24 08:00 PM PKT,12.7874,STOPPED,13.887203,8.6,2026-09-28T18:53:11.499152+00:00
Pullback-in-Uptrend,LINK/USDT,EMA20 Pullback,2026-09-25 10:00 PM PKT,13.7885,STOPPED,13.887203,0.72,2026-09-28T18:53:11.502280+00:00
Pullback-in-Uptrend,LINK/USDT,EMA20 Pullback,2026-09-26 03:00 PM PKT,14.2547,STOPPED,13.887203,-2.58,2026-09-28T18:53:11.504945+00:00
Pullback-in-Uptrend,LINK/USDT,EMA20 Pullback,2026-09-27 10:00 AM PKT,14.1888,STOPPED,13.887203,-2.13,2026-09-28T18:53:11.506931+00:00
Donchian Breakout,LINK/USDT,20-period High,2026-09-11 06:00 PM PKT,12.0644,STOPPED,11.512428,-4.58,2026-09-28T18:53:11.512200+00:00
Donchian Breakout,LINK/USDT,20-period High,2026-09-18 02:00 PM PKT,11.8913,STOPPED,12.167887,2.33,2026-09-28T18:53:11.515225+00:00
Donchian Breakout,LINK/USDT,20-period High,2026-09-19 07:00 AM PKT,12.4551,STOPPED,12.167887,-2.31,2026-09-28T18:53:11.517312+00:00
Donchian Breakout,LINK/USDT,20-period High,2026-09-20 09:00 PM PKT,12.5779,STOPPED,12.583397,0.04,2026-09-28T18:53:11.520830+00:00
Donchian Breakout,LINK/USDT,20-period High,2026-09-21 01:00 PM PKT,12.8237,STOPPED,12.583397,-1.87,2026-09-28T18:53:11.523812+00:00
Donchian Breakout,LINK/USDT,20-period High,2026-09-24 06:00 PM PKT,12.5154,STOPPED,13.887203,10.96,2026-09-28T18:53:11.527697+00:00
Donchian Breakout,LINK/USDT,20-period High,2026-09-25 01:00 PM PKT,13.9146,STOPPED,13.887203,-0.2,2026-09-28T18:53:11.531088+00:00
Donchian Breakout,LINK/USDT,20-period High,2026-09-26 03:00 PM PKT,14.2547,STOPPED,13.887203,-2.58,2026-09-28T18:53:11.533714+00:00
CE Buy-Only,SEI/USDT,Chandelier Cross,2026-09-10 04:00 AM PKT,0.04736,STOPPED,0.047264,-0.2,2026-09-28T18:53:12.230991+00:00
CE Buy-Only,SEI/USDT,Chandelier Cross,2026-09-15 01:00 PM PKT,0.04388,STOPPED,0.04372,-0.36,2026-09-28T18:53:12.233217+00:00
Pullback-in-Uptrend,SEI/USDT,EMA20 Pullback,2026-09-27 10:00 AM PKT,0.07347,STOPPED,0.078162,6.39,2026-09-28T18:53:12.240803+00:00
Donchian Breakout,SEI/USDT,20-period High,2026-09-27 12:00 PM PKT,0.0757,STOPPED,0.078162,3.25,2026-09-28T18:53:12.248908+00:00
Donchian Breakout,SEI/USDT,20-period High,2026-09-28 04:00 AM PKT,0.07902,STOPPED,0.078162,-1.09,2026-09-28T18:53:12.250524+00:00
Pullback-in-Uptrend,AVAX/USDT,EMA20 Pullback,2026-09-20 08:00 AM PKT,9.566,STOPPED,10.65775,11.41,2026-09-28T18:53:12.913737+00:00
Pullback-in-Uptrend,AVAX/USDT,EMA20 Pullback,2026-09-22 06:00 AM PKT,11.17,STOPPED,10.65775,-4.59,2026-09-28T18:53:12.915514+00:00
Pullback-in-Uptrend,AVAX/USDT,EMA20 Pullback,2026-09-23 01:00 AM PKT,11.044,STOPPED,10.68425,-3.26,2026-09-28T18:53:12.917411+00:00
Donchian Breakout,AVAX/USDT,20-period High,2026-09-20 07:00 PM PKT,10.823,STOPPED,10.65775,-1.53,2026-09-28T18:53:12.924273+00:00
Donchian Breakout,AVAX/USDT,20-period High,2026-09-23 03:00 AM PKT,11.29,STOPPED,10.68425,-5.37,2026-09-28T18:53:12.926101+00:00
Union AB,UNI/USDT,Ichimoku+MS,2026-09-22 05:00 PM PKT,9.7003,STOPPED,9.619019,-0.84,2026-09-28T18:53:13.551039+00:00
Union AB Backup Tier,UNI/USDT,Ichimoku+MS,2026-09-22 05:00 PM PKT,9.7003,STOPPED,9.619019,-0.84,2026-09-28T18:53:13.553162+00:00
CE Buy-Only,UNI/USDT,Chandelier Cross,2026-09-10 08:00 AM PKT,6.0799,STOPPED,6.071382,-0.14,2026-09-28T18:53:13.577747+00:00
CE Buy-Only,UNI/USDT,Chandelier Cross,2026-09-23 10:00 PM PKT,9.2349,STOPPED,9.185127,-0.54,2026-09-28T18:53:13.579839+00:00
CE Buy-Only,UNI/USDT,Chandelier Cross,2026-09-28 03:00 PM PKT,8.9281,STOPPED,8.9759,0.54,2026-09-28T18:53:13.581908+00:00
Pullback-in-Uptrend,UNI/USDT,EMA20 Pullback,2026-09-08 08:00 AM PKT,6.9933,STOPPED,6.674428,-4.56,2026-09-28T18:53:13.587447+00:00
Pullback-in-Uptrend,UNI/USDT,EMA20 Pullback,2026-09-09 11:00 AM PKT,6.9018,STOPPED,6.543816,-5.19,2026-09-28T18:53:13.589092+00:00
Pullback-in-Uptrend,UNI/USDT,EMA20 Pullback,2026-09-11 06:00 PM PKT,6.4849,STOPPED,6.174044,-4.79,2026-09-28T18:53:13.591731+00:00
Pullback-in-Uptrend,UNI/USDT,EMA20 Pullback,2026-09-12 11:00 AM PKT,6.2867,STOPPED,6.174044,-1.79,2026-09-28T18:53:13.593917+00:00
Pullback-in-Uptrend,UNI/USDT,EMA20 Pullback,2026-09-13 03:00 AM PKT,6.3494,STOPPED,6.174044,-2.76,2026-09-28T18:53:13.595578+00:00
Pullback-in-Uptrend,UNI/USDT,EMA20 Pullback,2026-09-13 11:00 PM PKT,6.339,STOPPED,6.322913,-0.25,2026-09-28T18:53:13.598235+00:00
Pullback-in-Uptrend,UNI/USDT,EMA20 Pullback,2026-09-14 06:00 PM PKT,6.3638,STOPPED,6.322913,-0.64,2026-09-28T18:53:13.600368+00:00
Pullback-in-Uptrend,UNI/USDT,EMA20 Pullback,2026-09-15 10:00 AM PKT,6.7244,STOPPED,6.226809,-7.4,2026-09-28T18:53:13.601985+00:00
Pullback-in-Uptrend,UNI/USDT,EMA20 Pullback,2026-09-17 01:00 AM PKT,6.5008,STOPPED,8.616644,32.55,2026-09-28T18:53:13.605423+00:00
Pullback-in-Uptrend,UNI/USDT,EMA20 Pullback,2026-09-17 05:00 PM PKT,6.9129,STOPPED,8.616644,24.65,2026-09-28T18:53:13.608498+00:00
Pullback-in-Uptrend,UNI/USDT,EMA20 Pullback,2026-09-19 05:00 AM PKT,8.873,STOPPED,8.616644,-2.89,2026-09-28T18:53:13.610438+00:00
Pullback-in-Uptrend,UNI/USDT,EMA20 Pullback,2026-09-20 01:00 PM PKT,8.7812,STOPPED,9.619019,9.54,2026-09-28T18:53:13.613999+00:00
Pullback-in-Uptrend,UNI/USDT,EMA20 Pullback,2026-09-21 05:00 AM PKT,8.8926,STOPPED,9.619019,8.17,2026-09-28T18:53:13.617135+00:00
Pullback-in-Uptrend,UNI/USDT,EMA20 Pullback,2026-09-21 09:00 PM PKT,8.9111,STOPPED,9.619019,7.94,2026-09-28T18:53:13.619792+00:00
Pullback-in-Uptrend,UNI/USDT,EMA20 Pullback,2026-09-22 05:00 PM PKT,9.7003,STOPPED,9.619019,-0.84,2026-09-28T18:53:13.621821+00:00
Pullback-in-Uptrend,UNI/USDT,EMA20 Pullback,2026-09-24 11:00 PM PKT,9.265,STOPPED,9.537694,2.94,2026-09-28T18:53:13.625525+00:00
Pullback-in-Uptrend,UNI/USDT,EMA20 Pullback,2026-09-25 03:00 PM PKT,9.3142,STOPPED,9.537694,2.4,2026-09-28T18:53:13.628735+00:00
Pullback-in-Uptrend,UNI/USDT,EMA20 Pullback,2026-09-26 07:00 AM PKT,9.6079,STOPPED,9.537694,-0.73,2026-09-28T18:53:13.631512+00:00
Pullback-in-Uptrend,UNI/USDT,EMA20 Pullback,2026-09-27 04:00 AM PKT,9.703,STOPPED,9.537694,-1.7,2026-09-28T18:53:13.633657+00:00
Donchian Breakout,UNI/USDT,20-period High,2026-09-11 09:00 AM PKT,6.1615,STOPPED,6.174044,0.2,2026-09-28T18:53:13.639311+00:00
Donchian Breakout,UNI/USDT,20-period High,2026-09-12 08:00 PM PKT,6.5168,STOPPED,6.174044,-5.26,2026-09-28T18:53:13.641203+00:00
Donchian Breakout,UNI/USDT,20-period High,2026-09-14 08:00 AM PKT,6.396,STOPPED,6.322913,-1.14,2026-09-28T18:53:13.643593+00:00
Donchian Breakout,UNI/USDT,20-period High,2026-09-15 12:00 AM PKT,6.6894,STOPPED,6.322913,-5.48,2026-09-28T18:53:13.645538+00:00
Donchian Breakout,UNI/USDT,20-period High,2026-09-17 01:00 AM PKT,6.5008,STOPPED,8.616644,32.55,2026-09-28T18:53:13.649004+00:00
Donchian Breakout,UNI/USDT,20-period High,2026-09-17 06:00 PM PKT,7.2478,STOPPED,8.616644,18.89,2026-09-28T18:53:13.651993+00:00
Donchian Breakout,UNI/USDT,20-period High,2026-09-18 01:00 PM PKT,8.8781,STOPPED,8.616644,-2.94,2026-09-28T18:53:13.654426+00:00
Donchian Breakout,UNI/USDT,20-period High,2026-09-19 01:00 PM PKT,9.278,STOPPED,8.616644,-7.13,2026-09-28T18:53:13.656105+00:00
Donchian Breakout,UNI/USDT,20-period High,2026-09-21 02:00 PM PKT,8.9809,STOPPED,9.619019,7.11,2026-09-28T18:53:13.658982+00:00
Donchian Breakout,UNI/USDT,20-period High,2026-09-22 05:00 PM PKT,9.7003,STOPPED,9.619019,-0.84,2026-09-28T18:53:13.661063+00:00
Donchian Breakout,UNI/USDT,20-period High,2026-09-25 04:00 PM PKT,9.7511,STOPPED,9.537694,-2.19,2026-09-28T18:53:13.664281+00:00
Donchian Breakout,UNI/USDT,20-period High,2026-09-27 11:00 AM PKT,9.9884,STOPPED,9.537694,-4.51,2026-09-28T18:53:13.666159+00:00
Union AB,SOL/USDT,Ichimoku+MS,2026-09-21 01:00 PM PKT,115.34,STOPPED,115.322812,-0.01,2026-09-28T18:53:14.274547+00:00
Union AB,SOL/USDT,Ichimoku+MS,2026-09-27 12:00 PM PKT,124.11,STOPPED,120.468125,-2.93,2026-09-28T18:53:14.276944+00:00
Union AB Backup Tier,SOL/USDT,Ichimoku+MS,2026-09-21 01:00 PM PKT,115.34,STOPPED,115.322812,-0.01,2026-09-28T18:53:14.279950+00:00
Union AB Backup Tier,SOL/USDT,Ichimoku+MS,2026-09-27 12:00 PM PKT,124.11,STOPPED,120.468125,-2.93,2026-09-28T18:53:14.281775+00:00
Union AB,SOL/USDT,EMA+Breakout,2026-09-21 01:00 PM PKT,115.34,STOPPED,115.48125,0.12,2026-09-28T18:53:14.287139+00:00
Union AB,SOL/USDT,EMA+Breakout,2026-09-25 04:00 PM PKT,120.84,STOPPED,120.73625,-0.09,2026-09-28T18:53:14.290918+00:00
Union AB,SOL/USDT,EMA+Breakout,2026-09-27 12:00 PM PKT,124.11,STOPPED,120.73625,-2.72,2026-09-28T18:53:14.293407+00:00
Union AB Backup Tier,SOL/USDT,EMA+Breakout,2026-09-21 01:00 PM PKT,115.34,STOPPED,115.48125,0.12,2026-09-28T18:53:14.296408+00:00
Union AB Backup Tier,SOL/USDT,EMA+Breakout,2026-09-25 04:00 PM PKT,120.84,STOPPED,120.73625,-0.09,2026-09-28T18:53:14.299560+00:00
Union AB Backup Tier,SOL/USDT,EMA+Breakout,2026-09-27 12:00 PM PKT,124.11,STOPPED,120.73625,-2.72,2026-09-28T18:53:14.301363+00:00
NEW AdvancedConfluence,SOL/USDT,CHoCH,2026-09-25 03:00 PM PKT,119.18,STOPPED,118.98125,-0.17,2026-09-28T18:53:14.323258+00:00
CE Buy-Only,SOL/USDT,Chandelier Cross,2026-09-13 04:00 PM PKT,99.83,STOPPED,99.822273,-0.01,2026-09-28T18:53:14.327872+00:00
CE Buy-Only,SOL/USDT,Chandelier Cross,2026-09-15 02:00 PM PKT,100.83,STOPPED,100.97,0.14,2026-09-28T18:53:14.329985+00:00
CE Buy-Only,SOL/USDT,Chandelier Cross,2026-09-20 08:00 AM PKT,108.92,STOPPED,109.06,0.13,2026-09-28T18:53:14.332132+00:00
Pullback-in-Uptrend,SOL/USDT,EMA20 Pullback,2026-09-11 06:00 PM PKT,104.85,STOPPED,101.184375,-3.5,2026-09-28T18:53:14.338268+00:00
Pullback-in-Uptrend,SOL/USDT,EMA20 Pullback,2026-09-17 05:00 PM PKT,100.73,STOPPED,110.557187,9.76,2026-09-28T18:53:14.341751+00:00
Pullback-in-Uptrend,SOL/USDT,EMA20 Pullback,2026-09-18 06:00 PM PKT,108.52,STOPPED,110.557187,1.88,2026-09-28T18:53:14.344131+00:00
Pullback-in-Uptrend,SOL/USDT,EMA20 Pullback,2026-09-19 01:00 PM PKT,112.27,STOPPED,110.557187,-1.53,2026-09-28T18:53:14.345914+00:00
Pullback-in-Uptrend,SOL/USDT,EMA20 Pullback,2026-09-21 12:00 AM PKT,110.45,STOPPED,115.322812,4.41,2026-09-28T18:53:14.349276+00:00
Pullback-in-Uptrend,SOL/USDT,EMA20 Pullback,2026-09-22 10:00 AM PKT,116.88,STOPPED,115.322812,-1.33,2026-09-28T18:53:14.351614+00:00
Pullback-in-Uptrend,SOL/USDT,EMA20 Pullback,2026-09-23 02:00 AM PKT,118.08,STOPPED,115.322812,-2.34,2026-09-28T18:53:14.353506+00:00
Pullback-in-Uptrend,SOL/USDT,EMA20 Pullback,2026-09-24 09:00 PM PKT,117.09,STOPPED,120.468125,2.89,2026-09-28T18:53:14.357291+00:00
Pullback-in-Uptrend,SOL/USDT,EMA20 Pullback,2026-09-25 01:00 PM PKT,117.3,STOPPED,120.468125,2.7,2026-09-28T18:53:14.360609+00:00
Pullback-in-Uptrend,SOL/USDT,EMA20 Pullback,2026-09-26 06:00 AM PKT,122.05,STOPPED,120.468125,-1.3,2026-09-28T18:53:14.363424+00:00
Pullback-in-Uptrend,SOL/USDT,EMA20 Pullback,2026-09-27 12:00 AM PKT,121.14,STOPPED,120.468125,-0.55,2026-09-28T18:53:14.365685+00:00
Pullback-in-Uptrend,SOL/USDT,EMA20 Pullback,2026-09-28 02:00 AM PKT,122.85,STOPPED,120.4175,-1.98,2026-09-28T18:53:14.367112+00:00
Donchian Breakout,SOL/USDT,20-period High,2026-09-11 05:00 PM PKT,101.68,STOPPED,101.184375,-0.49,2026-09-28T18:53:14.371788+00:00
Donchian Breakout,SOL/USDT,20-period High,2026-09-17 06:00 AM PKT,99.24,STOPPED,110.557187,11.4,2026-09-28T18:53:14.375433+00:00
Donchian Breakout,SOL/USDT,20-period High,2026-09-18 06:00 AM PKT,102.48,STOPPED,110.557187,7.88,2026-09-28T18:53:14.378103+00:00
Donchian Breakout,SOL/USDT,20-period High,2026-09-18 10:00 PM PKT,112.61,STOPPED,110.557187,-1.82,2026-09-28T18:53:14.380513+00:00
Donchian Breakout,SOL/USDT,20-period High,2026-09-21 03:00 AM PKT,111.03,STOPPED,115.322812,3.87,2026-09-28T18:53:14.383781+00:00
Donchian Breakout,SOL/USDT,20-period High,2026-09-22 01:00 AM PKT,119.2,STOPPED,115.322812,-3.25,2026-09-28T18:53:14.386415+00:00
Donchian Breakout,SOL/USDT,20-period High,2026-09-24 09:00 PM PKT,117.09,STOPPED,120.468125,2.89,2026-09-28T18:53:14.390168+00:00
Donchian Breakout,SOL/USDT,20-period High,2026-09-25 03:00 PM PKT,119.18,STOPPED,120.468125,1.08,2026-09-28T18:53:14.393386+00:00
Donchian Breakout,SOL/USDT,20-period High,2026-09-27 12:00 PM PKT,124.11,STOPPED,120.468125,-2.93,2026-09-28T18:53:14.395234+00:00
CE Buy-Only,USDC/USDT,Chandelier Cross,2026-09-19 06:00 AM PKT,1.0,STOPPED,1.0,0.0,2026-09-28T18:53:15.090627+00:00
CE Buy-Only,AAVE/USDT,Chandelier Cross,2026-09-10 06:00 PM PKT,122.375,STOPPED,122.197636,-0.14,2026-09-28T18:53:15.799144+00:00
CE Buy-Only,AAVE/USDT,Chandelier Cross,2026-09-15 12:00 PM PKT,126.427,STOPPED,127.333,0.72,2026-09-28T18:53:15.801249+00:00
CE Buy-Only,AAVE/USDT,Chandelier Cross,2026-09-16 11:00 PM PKT,116.18,STOPPED,116.562562,0.33,2026-09-28T18:53:15.803351+00:00
CE Buy-Only,AAVE/USDT,Chandelier Cross,2026-09-23 09:00 PM PKT,139.874,STOPPED,138.8045,-0.76,2026-09-28T18:53:15.805418+00:00
Pullback-in-Uptrend,AAVE/USDT,EMA20 Pullback,2026-09-14 02:00 PM PKT,127.158,STOPPED,126.6885,-0.37,2026-09-28T18:53:15.811529+00:00
Pullback-in-Uptrend,AAVE/USDT,EMA20 Pullback,2026-09-19 06:00 PM PKT,142.524,STOPPED,139.810375,-1.9,2026-09-28T18:53:15.813507+00:00
Pullback-in-Uptrend,AAVE/USDT,EMA20 Pullback,2026-09-21 05:00 AM PKT,139.424,STOPPED,143.707125,3.07,2026-09-28T18:53:15.816707+00:00
Pullback-in-Uptrend,AAVE/USDT,EMA20 Pullback,2026-09-21 09:00 PM PKT,143.737,STOPPED,143.707125,-0.02,2026-09-28T18:53:15.819435+00:00
Pullback-in-Uptrend,AAVE/USDT,EMA20 Pullback,2026-09-22 08:00 PM PKT,143.179,STOPPED,143.707125,0.37,2026-09-28T18:53:15.821492+00:00
Pullback-in-Uptrend,AAVE/USDT,EMA20 Pullback,2026-09-24 08:00 PM PKT,143.755,STOPPED,150.085563,4.4,2026-09-28T18:53:15.825725+00:00
Pullback-in-Uptrend,AAVE/USDT,EMA20 Pullback,2026-09-25 01:00 PM PKT,145.607,STOPPED,150.085563,3.08,2026-09-28T18:53:15.829092+00:00
Pullback-in-Uptrend,AAVE/USDT,EMA20 Pullback,2026-09-26 11:00 AM PKT,153.894,STOPPED,150.085563,-2.47,2026-09-28T18:53:15.831831+00:00
Pullback-in-Uptrend,AAVE/USDT,EMA20 Pullback,2026-09-27 04:00 AM PKT,155.657,STOPPED,150.085563,-3.58,2026-09-28T18:53:15.834141+00:00
Donchian Breakout,AAVE/USDT,20-period High,2026-09-14 10:00 PM PKT,127.655,STOPPED,126.6885,-0.76,2026-09-28T18:53:15.839000+00:00
Donchian Breakout,AAVE/USDT,20-period High,2026-09-17 09:00 AM PKT,122.297,STOPPED,139.810375,14.32,2026-09-28T18:53:15.842441+00:00
Donchian Breakout,AAVE/USDT,20-period High,2026-09-18 06:00 AM PKT,131.029,STOPPED,139.810375,6.7,2026-09-28T18:53:15.845271+00:00
Donchian Breakout,AAVE/USDT,20-period High,2026-09-19 05:00 AM PKT,142.999,STOPPED,139.810375,-2.23,2026-09-28T18:53:15.847442+00:00
Donchian Breakout,AAVE/USDT,20-period High,2026-09-21 05:00 AM PKT,139.424,STOPPED,143.707125,3.07,2026-09-28T18:53:15.850649+00:00
Donchian Breakout,AAVE/USDT,20-period High,2026-09-23 03:00 AM PKT,146.425,STOPPED,143.707125,-1.86,2026-09-28T18:53:15.852503+00:00
Donchian Breakout,AAVE/USDT,20-period High,2026-09-24 06:00 PM PKT,141.953,STOPPED,150.085563,5.73,2026-09-28T18:53:15.856384+00:00
Donchian Breakout,AAVE/USDT,20-period High,2026-09-25 04:00 PM PKT,148.204,STOPPED,150.085563,1.27,2026-09-28T18:53:15.859706+00:00
Donchian Breakout,AAVE/USDT,20-period High,2026-09-27 10:00 AM PKT,156.488,STOPPED,150.085563,-4.09,2026-09-28T18:53:15.861669+00:00
CE Buy-Only,DOT/USDT,Chandelier Cross,2026-09-10 04:00 AM PKT,1.1222,STOPPED,1.1174,-0.43,2026-09-28T18:53:16.497471+00:00
CE Buy-Only,DOT/USDT,Chandelier Cross,2026-09-13 09:00 AM PKT,1.0057,STOPPED,1.0153,0.95,2026-09-28T18:53:16.499604+00:00
CE Buy-Only,DOT/USDT,Chandelier Cross,2026-09-23 09:00 PM PKT,1.1047,STOPPED,1.097318,-0.67,2026-09-28T18:53:16.501671+00:00
CE Buy-Only,BNB/USDT,Chandelier Cross,2026-09-10 05:00 AM PKT,721.022,STOPPED,720.602682,-0.06,2026-09-28T18:53:17.188351+00:00
CE Buy-Only,BNB/USDT,Chandelier Cross,2026-09-13 04:00 AM PKT,727.464,STOPPED,727.370545,-0.01,2026-09-28T18:53:17.190439+00:00
CE Buy-Only,BNB/USDT,Chandelier Cross,2026-09-23 09:00 PM PKT,765.509,STOPPED,766.923,0.18,2026-09-28T18:53:17.192547+00:00
Pullback-in-Uptrend,BNB/USDT,EMA20 Pullback,2026-09-17 08:00 PM PKT,727.689,STOPPED,755.943969,3.88,2026-09-28T18:53:17.200204+00:00
Donchian Breakout,BNB/USDT,20-period High,2026-09-18 12:00 AM PKT,732.433,STOPPED,755.943969,3.21,2026-09-28T18:53:17.207808+00:00
Union AB,LTC/USDT,Ichimoku+MS,2026-09-24 07:00 AM PKT,65.78,STOPPED,69.324375,5.39,2026-09-28T18:53:17.855458+00:00
Union AB Backup Tier,LTC/USDT,Ichimoku+MS,2026-09-24 07:00 AM PKT,65.78,STOPPED,69.324375,5.39,2026-09-28T18:53:17.857942+00:00
CE Buy-Only,LTC/USDT,Chandelier Cross,2026-09-08 05:00 AM PKT,55.66,STOPPED,55.83,0.31,2026-09-28T18:53:17.886756+00:00
CE Buy-Only,LTC/USDT,Chandelier Cross,2026-09-09 05:00 AM PKT,54.32,STOPPED,54.22,-0.18,2026-09-28T18:53:17.888874+00:00
CE Buy-Only,LTC/USDT,Chandelier Cross,2026-09-13 07:00 PM PKT,54.26,STOPPED,54.5,0.44,2026-09-28T18:53:17.890974+00:00
Pullback-in-Uptrend,LTC/USDT,EMA20 Pullback,2026-09-24 07:00 AM PKT,65.78,STOPPED,69.324375,5.39,2026-09-28T18:53:17.899318+00:00
Pullback-in-Uptrend,LTC/USDT,EMA20 Pullback,2026-09-25 09:00 AM PKT,70.78,STOPPED,69.324375,-2.06,2026-09-28T18:53:17.900977+00:00
Pullback-in-Uptrend,LTC/USDT,EMA20 Pullback,2026-09-26 01:00 AM PKT,71.16,STOPPED,70.93875,-0.31,2026-09-28T18:53:17.903067+00:00
Pullback-in-Uptrend,LTC/USDT,EMA20 Pullback,2026-09-26 07:00 PM PKT,72.93,STOPPED,70.93875,-2.73,2026-09-28T18:53:17.904671+00:00
Donchian Breakout,LTC/USDT,20-period High,2026-09-24 07:00 AM PKT,65.78,STOPPED,69.324375,5.39,2026-09-28T18:53:17.911029+00:00
Donchian Breakout,LTC/USDT,20-period High,2026-09-26 03:00 AM PKT,72.94,STOPPED,70.93875,-2.74,2026-09-28T18:53:17.913092+00:00
NEW AdvancedConfluence,HBAR/USDT,CHoCH,2026-09-25 04:00 PM PKT,0.09561,STOPPED,0.092837,-2.9,2026-09-28T18:53:18.588018+00:00
CE Buy-Only,HBAR/USDT,Chandelier Cross,2026-09-16 09:00 PM PKT,0.07276,STOPPED,0.0721,-0.91,2026-09-28T18:53:18.592747+00:00
CE Buy-Only,HBAR/USDT,Chandelier Cross,2026-09-24 02:00 AM PKT,0.09031,STOPPED,0.09044,0.14,2026-09-28T18:53:18.594945+00:00
CE Buy-Only,ON/USDT,Chandelier Cross,2026-09-20 08:00 PM PKT,0.1474,STOPPED,0.1472,-0.14,2026-09-28T18:53:18.993805+00:00
CE Buy-Only,ON/USDT,Chandelier Cross,2026-09-26 03:00 PM PKT,0.1392,STOPPED,0.1396,0.29,2026-09-28T18:53:18.995432+00:00
CE Buy-Only,ON/USDT,Chandelier Cross,2026-09-27 10:00 AM PKT,0.1324,STOPPED,0.130736,-1.26,2026-09-28T18:53:18.996984+00:00
CE Buy-Only,ON/USDT,Chandelier Cross,2026-09-28 09:00 AM PKT,0.1188,STOPPED,0.117505,-1.09,2026-09-28T18:53:18.998566+00:00
Pullback-in-Uptrend,ON/USDT,EMA20 Pullback,2026-09-18 01:00 PM PKT,0.156,STOPPED,0.161241,3.36,2026-09-28T18:53:19.003594+00:00
Pullback-in-Uptrend,ON/USDT,EMA20 Pullback,2026-09-19 11:00 AM PKT,0.1661,STOPPED,0.161241,-2.93,2026-09-28T18:53:19.005438+00:00
Donchian Breakout,ON/USDT,20-period High,2026-09-18 08:00 PM PKT,0.1667,STOPPED,0.161241,-3.27,2026-09-28T18:53:19.009580+00:00
Donchian Breakout,ON/USDT,20-period High,2026-09-19 05:00 PM PKT,0.1749,STOPPED,0.161241,-7.81,2026-09-28T18:53:19.011241+00:00
Union AB,ONDO/USDT,EMA+Breakout,2026-09-24 05:00 PM PKT,0.45726,TARGET,0.534007,16.78,2026-09-28T18:53:19.674864+00:00
Union AB Backup Tier,ONDO/USDT,EMA+Breakout,2026-09-24 05:00 PM PKT,0.45726,TARGET,0.534007,16.78,2026-09-28T18:53:19.676677+00:00
NEW AdvancedConfluence,ONDO/USDT,CHoCH,2026-09-18 05:00 AM PKT,0.384,STOPPED,0.396107,3.15,2026-09-28T18:53:19.699112+00:00
CE Buy-Only,ONDO/USDT,Chandelier Cross,2026-09-15 10:00 AM PKT,0.35351,STOPPED,0.351981,-0.43,2026-09-28T18:53:19.704548+00:00
Pullback-in-Uptrend,ONDO/USDT,EMA20 Pullback,2026-09-24 03:00 PM PKT,0.42483,STOPPED,0.529001,24.52,2026-09-28T18:53:19.712896+00:00
Pullback-in-Uptrend,ONDO/USDT,EMA20 Pullback,2026-09-25 09:00 PM PKT,0.53456,STOPPED,0.529001,-1.04,2026-09-28T18:53:19.715341+00:00
Pullback-in-Uptrend,ONDO/USDT,EMA20 Pullback,2026-09-26 02:00 PM PKT,0.54939,STOPPED,0.529001,-3.71,2026-09-28T18:53:19.717247+00:00
Pullback-in-Uptrend,ONDO/USDT,EMA20 Pullback,2026-09-27 01:00 PM PKT,0.54629,STOPPED,0.541149,-0.94,2026-09-28T18:53:19.719226+00:00
Pullback-in-Uptrend,ONDO/USDT,EMA20 Pullback,2026-09-28 06:00 AM PKT,0.57318,STOPPED,0.533558,-6.91,2026-09-28T18:53:19.720725+00:00
Donchian Breakout,ONDO/USDT,20-period High,2026-09-24 05:00 PM PKT,0.45726,STOPPED,0.529001,15.69,2026-09-28T18:53:19.727450+00:00
Donchian Breakout,ONDO/USDT,20-period High,2026-09-25 11:00 AM PKT,0.54525,STOPPED,0.529001,-2.98,2026-09-28T18:53:19.730186+00:00
Donchian Breakout,ONDO/USDT,20-period High,2026-09-27 06:00 PM PKT,0.5506,STOPPED,0.541149,-1.72,2026-09-28T18:53:19.732015+00:00
CE Buy-Only,XLM/USDT,Chandelier Cross,2026-09-10 04:00 AM PKT,0.1812,STOPPED,0.180459,-0.41,2026-09-28T18:53:20.377525+00:00
CE Buy-Only,XLM/USDT,Chandelier Cross,2026-09-23 10:00 PM PKT,0.2039,STOPPED,0.203236,-0.33,2026-09-28T18:53:20.379580+00:00
CE Buy-Only,LONGXIA/USDT,Chandelier Cross,2026-09-10 01:00 AM PKT,0.05334,STOPPED,0.05157,-3.32,2026-09-28T18:53:21.551157+00:00
CE Buy-Only,LONGXIA/USDT,Chandelier Cross,2026-09-22 12:00 PM PKT,0.19266,STOPPED,0.18163,-5.73,2026-09-28T18:53:21.552943+00:00
CE Buy-Only,LONGXIA/USDT,Chandelier Cross,2026-09-23 11:00 PM PKT,0.16058,STOPPED,0.16189,0.82,2026-09-28T18:53:21.554694+00:00
CE Buy-Only,LONGXIA/USDT,Chandelier Cross,2026-09-24 03:00 PM PKT,0.1253,STOPPED,0.12984,3.62,2026-09-28T18:53:21.556453+00:00
CE Buy-Only,LONGXIA/USDT,Chandelier Cross,2026-09-26 03:00 PM PKT,0.10489,STOPPED,0.102699,-2.09,2026-09-28T18:53:21.558182+00:00
CE Buy-Only,LONGXIA/USDT,Chandelier Cross,2026-09-28 08:00 AM PKT,0.07453,STOPPED,0.0745,-0.04,2026-09-28T18:53:21.559917+00:00
Pullback-in-Uptrend,LONGXIA/USDT,EMA20 Pullback,2026-09-14 05:00 PM PKT,0.14797,STOPPED,0.229325,54.98,2026-09-28T18:53:21.566752+00:00
Pullback-in-Uptrend,LONGXIA/USDT,EMA20 Pullback,2026-09-15 09:00 AM PKT,0.17599,STOPPED,0.229325,30.31,2026-09-28T18:53:21.570318+00:00
Pullback-in-Uptrend,LONGXIA/USDT,EMA20 Pullback,2026-09-16 04:00 AM PKT,0.19625,STOPPED,0.229325,16.85,2026-09-28T18:53:21.573247+00:00
Pullback-in-Uptrend,LONGXIA/USDT,EMA20 Pullback,2026-09-16 10:00 PM PKT,0.20869,STOPPED,0.229325,9.89,2026-09-28T18:53:21.575639+00:00
Pullback-in-Uptrend,LONGXIA/USDT,EMA20 Pullback,2026-09-17 02:00 PM PKT,0.22419,STOPPED,0.229325,2.29,2026-09-28T18:53:21.577531+00:00
Pullback-in-Uptrend,LONGXIA/USDT,EMA20 Pullback,2026-09-20 12:00 PM PKT,0.23466,STOPPED,0.227256,-3.16,2026-09-28T18:53:21.579533+00:00
Pullback-in-Uptrend,LONGXIA/USDT,EMA20 Pullback,2026-09-21 04:00 AM PKT,0.23854,STOPPED,0.248732,4.27,2026-09-28T18:53:21.581091+00:00
Donchian Breakout,LONGXIA/USDT,20-period High,2026-09-12 11:00 PM PKT,0.15216,STOPPED,0.229325,50.71,2026-09-28T18:53:21.588764+00:00
Donchian Breakout,LONGXIA/USDT,20-period High,2026-09-14 07:00 PM PKT,0.1643,STOPPED,0.229325,39.58,2026-09-28T18:53:21.592648+00:00
Donchian Breakout,LONGXIA/USDT,20-period High,2026-09-16 04:00 AM PKT,0.19625,STOPPED,0.229325,16.85,2026-09-28T18:53:21.595661+00:00
Donchian Breakout,LONGXIA/USDT,20-period High,2026-09-20 03:00 PM PKT,0.2507,STOPPED,0.227256,-9.35,2026-09-28T18:53:21.597395+00:00
Union AB,ARB/USDT,EMA+Breakout,2026-09-23 04:00 AM PKT,0.2354,STOPPED,0.228587,-2.89,2026-09-28T18:53:22.213289+00:00
Union AB Backup Tier,ARB/USDT,EMA+Breakout,2026-09-23 04:00 AM PKT,0.2354,STOPPED,0.228587,-2.89,2026-09-28T18:53:22.215162+00:00
CE Buy-Only,ARB/USDT,Chandelier Cross,2026-09-09 10:00 PM PKT,0.1549,STOPPED,0.1539,-0.65,2026-09-28T18:53:22.239455+00:00
CE Buy-Only,ARB/USDT,Chandelier Cross,2026-09-15 10:00 AM PKT,0.1343,STOPPED,0.1334,-0.67,2026-09-28T18:53:22.241571+00:00
CE Buy-Only,ARB/USDT,Chandelier Cross,2026-09-23 09:00 PM PKT,0.224,STOPPED,0.221918,-0.93,2026-09-28T18:53:22.243627+00:00
Pullback-in-Uptrend,ARB/USDT,EMA20 Pullback,2026-09-08 10:00 AM PKT,0.1747,STOPPED,0.161556,-7.52,2026-09-28T18:53:22.248617+00:00
Pullback-in-Uptrend,ARB/USDT,EMA20 Pullback,2026-09-15 08:00 PM PKT,0.1493,STOPPED,0.204997,37.31,2026-09-28T18:53:22.252891+00:00
Pullback-in-Uptrend,ARB/USDT,EMA20 Pullback,2026-09-16 11:00 PM PKT,0.1634,STOPPED,0.204997,25.46,2026-09-28T18:53:22.256412+00:00
Pullback-in-Uptrend,ARB/USDT,EMA20 Pullback,2026-09-17 03:00 PM PKT,0.1648,STOPPED,0.204997,24.39,2026-09-28T18:53:22.259446+00:00
Pullback-in-Uptrend,ARB/USDT,EMA20 Pullback,2026-09-19 07:00 AM PKT,0.2165,STOPPED,0.204997,-5.31,2026-09-28T18:53:22.261304+00:00
Pullback-in-Uptrend,ARB/USDT,EMA20 Pullback,2026-09-20 10:00 AM PKT,0.2128,STOPPED,0.2184,2.63,2026-09-28T18:53:22.264094+00:00
Pullback-in-Uptrend,ARB/USDT,EMA20 Pullback,2026-09-21 02:00 AM PKT,0.218,STOPPED,0.2184,0.18,2026-09-28T18:53:22.266432+00:00
Pullback-in-Uptrend,ARB/USDT,EMA20 Pullback,2026-09-21 11:00 PM PKT,0.2265,STOPPED,0.2184,-3.58,2026-09-28T18:53:22.268258+00:00
Pullback-in-Uptrend,ARB/USDT,EMA20 Pullback,2026-09-23 03:00 AM PKT,0.2256,STOPPED,0.229609,1.78,2026-09-28T18:53:22.270066+00:00
Pullback-in-Uptrend,ARB/USDT,EMA20 Pullback,2026-09-25 12:00 AM PKT,0.2209,STOPPED,0.216981,-1.77,2026-09-28T18:53:22.273790+00:00
Pullback-in-Uptrend,ARB/USDT,EMA20 Pullback,2026-09-25 07:00 PM PKT,0.2229,STOPPED,0.216981,-2.66,2026-09-28T18:53:22.276942+00:00
Pullback-in-Uptrend,ARB/USDT,EMA20 Pullback,2026-09-26 07:00 PM PKT,0.2257,STOPPED,0.216981,-3.86,2026-09-28T18:53:22.279425+00:00
Pullback-in-Uptrend,ARB/USDT,EMA20 Pullback,2026-09-27 12:00 PM PKT,0.2347,STOPPED,0.216981,-7.55,2026-09-28T18:53:22.281352+00:00
Pullback-in-Uptrend,ARB/USDT,EMA20 Pullback,2026-09-28 04:00 AM PKT,0.2262,STOPPED,0.216812,-4.15,2026-09-28T18:53:22.282760+00:00
Donchian Breakout,ARB/USDT,20-period High,2026-09-08 10:00 AM PKT,0.1747,STOPPED,0.161556,-7.52,2026-09-28T18:53:22.286491+00:00
Donchian Breakout,ARB/USDT,20-period High,2026-09-11 06:00 PM PKT,0.1515,STOPPED,0.139228,-8.1,2026-09-28T18:53:22.288761+00:00
Donchian Breakout,ARB/USDT,20-period High,2026-09-15 08:00 PM PKT,0.1493,STOPPED,0.204997,37.31,2026-09-28T18:53:22.293031+00:00
Donchian Breakout,ARB/USDT,20-period High,2026-09-16 03:00 PM PKT,0.1597,STOPPED,0.204997,28.36,2026-09-28T18:53:22.296833+00:00
Donchian Breakout,ARB/USDT,20-period High,2026-09-17 10:00 PM PKT,0.1839,STOPPED,0.204997,11.47,2026-09-28T18:53:22.299656+00:00
Donchian Breakout,ARB/USDT,20-period High,2026-09-21 03:00 PM PKT,0.2321,STOPPED,0.2184,-5.9,2026-09-28T18:53:22.301614+00:00
Donchian Breakout,ARB/USDT,20-period High,2026-09-23 03:00 AM PKT,0.2256,STOPPED,0.229609,1.78,2026-09-28T18:53:22.303463+00:00
Donchian Breakout,ARB/USDT,20-period High,2026-09-25 04:00 PM PKT,0.2254,STOPPED,0.216981,-3.74,2026-09-28T18:53:22.306711+00:00
Donchian Breakout,ARB/USDT,20-period High,2026-09-27 12:00 PM PKT,0.2347,STOPPED,0.216981,-7.55,2026-09-28T18:53:22.308644+00:00
Union AB,PUMP/USDT,EMA+Breakout,2026-09-27 07:00 PM PKT,0.004771,TARGET,0.005534,15.99,2026-09-28T18:53:22.962904+00:00
Union AB Backup Tier,PUMP/USDT,EMA+Breakout,2026-09-27 07:00 PM PKT,0.004771,TARGET,0.005534,15.99,2026-09-28T18:53:22.965264+00:00
CE Buy-Only,PUMP/USDT,Chandelier Cross,2026-09-10 11:00 AM PKT,0.004021,STOPPED,0.003896,-3.11,2026-09-28T18:53:22.989914+00:00
CE Buy-Only,PUMP/USDT,Chandelier Cross,2026-09-23 09:00 PM PKT,0.004037,STOPPED,0.004,-0.92,2026-09-28T18:53:22.991988+00:00
CE Buy-Only,PIEVERSE/USDT,Chandelier Cross,2026-09-13 04:00 AM PKT,1.2039,STOPPED,1.202136,-0.15,2026-09-28T18:53:23.690677+00:00
CE Buy-Only,PIEVERSE/USDT,Chandelier Cross,2026-09-18 11:00 AM PKT,1.1986,STOPPED,1.2163,1.48,2026-09-28T18:53:23.692896+00:00
CE Buy-Only,PIEVERSE/USDT,Chandelier Cross,2026-09-21 04:00 AM PKT,1.6469,STOPPED,1.6448,-0.13,2026-09-28T18:53:23.694977+00:00
CE Buy-Only,PIEVERSE/USDT,Chandelier Cross,2026-09-24 11:00 AM PKT,1.6705,STOPPED,1.6776,0.43,2026-09-28T18:53:23.697064+00:00
CE Buy-Only,PIEVERSE/USDT,Chandelier Cross,2026-09-26 03:00 PM PKT,1.561,STOPPED,1.558827,-0.14,2026-09-28T18:53:23.699178+00:00
CE Buy-Only,PIEVERSE/USDT,Chandelier Cross,2026-09-28 04:00 AM PKT,1.5479,STOPPED,1.523941,-1.55,2026-09-28T18:53:23.701234+00:00
Pullback-in-Uptrend,PIEVERSE/USDT,EMA20 Pullback,2026-09-08 06:00 AM PKT,1.2623,STOPPED,1.232194,-2.39,2026-09-28T18:53:23.707799+00:00
Pullback-in-Uptrend,PIEVERSE/USDT,EMA20 Pullback,2026-09-09 12:00 AM PKT,1.2254,STOPPED,1.232194,0.55,2026-09-28T18:53:23.710578+00:00
Pullback-in-Uptrend,PIEVERSE/USDT,EMA20 Pullback,2026-09-09 04:00 PM PKT,1.3068,STOPPED,1.232194,-5.71,2026-09-28T18:53:23.712932+00:00
Pullback-in-Uptrend,PIEVERSE/USDT,EMA20 Pullback,2026-09-10 01:00 PM PKT,1.3109,STOPPED,1.232194,-6.0,2026-09-28T18:53:23.714633+00:00
Pullback-in-Uptrend,PIEVERSE/USDT,EMA20 Pullback,2026-09-11 06:00 PM PKT,1.282,STOPPED,1.2243,-4.5,2026-09-28T18:53:23.716911+00:00
Pullback-in-Uptrend,PIEVERSE/USDT,EMA20 Pullback,2026-09-18 05:00 PM PKT,1.217,STOPPED,1.634053,34.27,2026-09-28T18:53:23.720100+00:00
Pullback-in-Uptrend,PIEVERSE/USDT,EMA20 Pullback,2026-09-19 01:00 PM PKT,1.5875,STOPPED,1.634053,2.93,2026-09-28T18:53:23.722000+00:00
Pullback-in-Uptrend,PIEVERSE/USDT,EMA20 Pullback,2026-09-20 07:00 AM PKT,1.6663,STOPPED,1.626656,-2.38,2026-09-28T18:53:23.723546+00:00
Pullback-in-Uptrend,PIEVERSE/USDT,EMA20 Pullback,2026-09-21 11:00 AM PKT,1.7111,STOPPED,1.752028,2.39,2026-09-28T18:53:23.725922+00:00
Pullback-in-Uptrend,PIEVERSE/USDT,EMA20 Pullback,2026-09-22 07:00 AM PKT,1.842,STOPPED,1.752028,-4.88,2026-09-28T18:53:23.727736+00:00
Donchian Breakout,PIEVERSE/USDT,20-period High,2026-09-18 12:00 AM PKT,1.2625,STOPPED,1.192703,-5.53,2026-09-28T18:53:23.732545+00:00
Donchian Breakout,PIEVERSE/USDT,20-period High,2026-09-18 07:00 PM PKT,1.4314,STOPPED,1.634053,14.16,2026-09-28T18:53:23.734967+00:00
Donchian Breakout,PIEVERSE/USDT,20-period High,2026-09-21 03:00 PM PKT,1.8806,STOPPED,1.752028,-6.84,2026-09-28T18:53:23.737272+00:00
CE Buy-Only,US/USDT,Chandelier Cross,2026-09-09 11:00 PM PKT,0.015121,STOPPED,0.014749,-2.46,2026-09-28T18:53:25.074485+00:00
CE Buy-Only,US/USDT,Chandelier Cross,2026-09-13 01:00 AM PKT,0.015795,STOPPED,0.015677,-0.75,2026-09-28T18:53:25.076606+00:00
CE Buy-Only,US/USDT,Chandelier Cross,2026-09-14 01:00 AM PKT,0.014914,STOPPED,0.014664,-1.68,2026-09-28T18:53:25.078681+00:00
CE Buy-Only,US/USDT,Chandelier Cross,2026-09-15 07:00 AM PKT,0.015469,STOPPED,0.015377,-0.59,2026-09-28T18:53:25.080778+00:00
CE Buy-Only,US/USDT,Chandelier Cross,2026-09-17 04:00 AM PKT,0.015925,STOPPED,0.015737,-1.18,2026-09-28T18:53:25.082876+00:00
CE Buy-Only,US/USDT,Chandelier Cross,2026-09-18 02:00 PM PKT,0.014966,STOPPED,0.016207,8.29,2026-09-28T18:53:25.085231+00:00
CE Buy-Only,US/USDT,Chandelier Cross,2026-09-19 10:00 PM PKT,0.015393,STOPPED,0.015461,0.44,2026-09-28T18:53:25.087355+00:00
CE Buy-Only,US/USDT,Chandelier Cross,2026-09-22 04:00 PM PKT,0.015468,STOPPED,0.017645,14.07,2026-09-28T18:53:25.090227+00:00
CE Buy-Only,US/USDT,Chandelier Cross,2026-09-28 05:00 AM PKT,0.02884,STOPPED,0.028062,-2.7,2026-09-28T18:53:25.092292+00:00
NEW AdvancedConfluence,GALA/USDT,CHoCH,2026-09-17 01:00 PM PKT,0.00169,TARGET,0.001821,7.75,2026-09-28T18:53:25.745267+00:00
CE Buy-Only,GALA/USDT,Chandelier Cross,2026-09-15 12:00 PM PKT,0.00167,STOPPED,0.00166,-0.6,2026-09-28T18:53:25.750077+00:00
CE Buy-Only,GALA/USDT,Chandelier Cross,2026-09-16 11:00 PM PKT,0.00157,STOPPED,0.001556,-0.89,2026-09-28T18:53:25.752182+00:00
CE Buy-Only,GALA/USDT,Chandelier Cross,2026-09-21 01:00 AM PKT,0.00185,STOPPED,0.00185,0.0,2026-09-28T18:53:25.754272+00:00
CE Buy-Only,GALA/USDT,Chandelier Cross,2026-09-23 12:00 AM PKT,0.002129,STOPPED,0.002121,-0.38,2026-09-28T18:53:25.756344+00:00
CE Buy-Only,GALA/USDT,Chandelier Cross,2026-09-24 03:00 AM PKT,0.001903,STOPPED,0.001911,0.42,2026-09-28T18:53:25.758454+00:00
CE Buy-Only,CASHCAT/USDT,Chandelier Cross,2026-09-20 09:00 AM PKT,0.1746,STOPPED,0.173195,-0.8,2026-09-28T18:53:26.423181+00:00
Union AB,HYPE/USDT,EMA+Breakout,2026-09-18 05:00 PM PKT,91.278,STOPPED,90.216375,-1.16,2026-09-28T18:53:27.080230+00:00
Union AB Backup Tier,HYPE/USDT,EMA+Breakout,2026-09-18 05:00 PM PKT,91.278,STOPPED,90.216375,-1.16,2026-09-28T18:53:27.082825+00:00
CE Buy-Only,HYPE/USDT,Chandelier Cross,2026-09-13 02:00 PM PKT,77.987,STOPPED,77.739318,-0.32,2026-09-28T18:53:27.107685+00:00
CE Buy-Only,HYPE/USDT,Chandelier Cross,2026-09-15 12:00 PM PKT,78.69,STOPPED,79.069,0.48,2026-09-28T18:53:27.109780+00:00
Pullback-in-Uptrend,HYPE/USDT,EMA20 Pullback,2026-09-17 01:00 PM PKT,80.325,STOPPED,90.259469,12.37,2026-09-28T18:53:27.116835+00:00
Pullback-in-Uptrend,HYPE/USDT,EMA20 Pullback,2026-09-19 11:00 AM PKT,93.084,STOPPED,90.259469,-3.03,2026-09-28T18:53:27.118838+00:00
Pullback-in-Uptrend,HYPE/USDT,EMA20 Pullback,2026-09-20 09:00 PM PKT,93.058,STOPPED,92.081969,-1.05,2026-09-28T18:53:27.121020+00:00
Pullback-in-Uptrend,HYPE/USDT,EMA20 Pullback,2026-09-22 12:00 PM PKT,94.633,STOPPED,94.172594,-0.49,2026-09-28T18:53:27.123686+00:00
Pullback-in-Uptrend,HYPE/USDT,EMA20 Pullback,2026-09-23 09:00 AM PKT,97.533,STOPPED,94.172594,-3.45,2026-09-28T18:53:27.125453+00:00
Donchian Breakout,HYPE/USDT,20-period High,2026-09-17 05:00 PM PKT,81.234,STOPPED,90.259469,11.11,2026-09-28T18:53:27.132906+00:00
Donchian Breakout,HYPE/USDT,20-period High,2026-09-18 09:00 AM PKT,87.35,STOPPED,90.259469,3.33,2026-09-28T18:53:27.135659+00:00
Donchian Breakout,HYPE/USDT,20-period High,2026-09-19 05:00 AM PKT,93.21,STOPPED,90.259469,-3.17,2026-09-28T18:53:27.137883+00:00
Donchian Breakout,HYPE/USDT,20-period High,2026-09-20 09:00 PM PKT,93.058,STOPPED,92.081969,-1.05,2026-09-28T18:53:27.140029+00:00
Donchian Breakout,HYPE/USDT,20-period High,2026-09-22 04:00 PM PKT,95.406,STOPPED,94.172594,-1.29,2026-09-28T18:53:27.142467+00:00
NEW AdvancedConfluence,AXL/USDT,CHoCH,2026-09-19 03:00 PM PKT,0.0478,STOPPED,0.047131,-1.4,2026-09-28T18:53:27.782370+00:00
NEW AdvancedConfluence,AXL/USDT,CHoCH,2026-09-25 01:00 PM PKT,0.0525,STOPPED,0.051886,-1.17,2026-09-28T18:53:27.783688+00:00
CE Buy-Only,AXL/USDT,Chandelier Cross,2026-09-08 12:00 PM PKT,0.0451,STOPPED,0.0451,0.0,2026-09-28T18:53:27.788552+00:00
CE Buy-Only,AXL/USDT,Chandelier Cross,2026-09-09 08:00 AM PKT,0.0441,STOPPED,0.0444,0.68,2026-09-28T18:53:27.790673+00:00
CE Buy-Only,AXL/USDT,Chandelier Cross,2026-09-11 05:00 AM PKT,0.0419,STOPPED,0.0419,0.0,2026-09-28T18:53:27.792759+00:00
CE Buy-Only,AXL/USDT,Chandelier Cross,2026-09-12 05:00 AM PKT,0.0445,STOPPED,0.0445,0.0,2026-09-28T18:53:27.794862+00:00
CE Buy-Only,AXL/USDT,Chandelier Cross,2026-09-13 06:00 AM PKT,0.0445,STOPPED,0.0452,1.57,2026-09-28T18:53:27.796965+00:00
CE Buy-Only,AXL/USDT,Chandelier Cross,2026-09-14 05:00 AM PKT,0.0444,STOPPED,0.0445,0.23,2026-09-28T18:53:27.799050+00:00
CE Buy-Only,AXL/USDT,Chandelier Cross,2026-09-15 10:00 AM PKT,0.0485,STOPPED,0.0521,7.42,2026-09-28T18:53:27.801151+00:00
CE Buy-Only,AXL/USDT,Chandelier Cross,2026-09-16 04:00 AM PKT,0.0439,STOPPED,0.0437,-0.46,2026-09-28T18:53:27.803234+00:00
CE Buy-Only,AXL/USDT,Chandelier Cross,2026-09-16 11:00 PM PKT,0.0407,STOPPED,0.0413,1.47,2026-09-28T18:53:27.805307+00:00
CE Buy-Only,AXL/USDT,Chandelier Cross,2026-09-18 07:00 AM PKT,0.0432,STOPPED,0.0437,1.16,2026-09-28T18:53:27.807390+00:00
CE Buy-Only,AXL/USDT,Chandelier Cross,2026-09-20 10:00 PM PKT,0.0468,STOPPED,0.0468,0.0,2026-09-28T18:53:27.809492+00:00
CE Buy-Only,AXL/USDT,Chandelier Cross,2026-09-23 12:00 AM PKT,0.05317,STOPPED,0.05389,1.35,2026-09-28T18:53:27.811619+00:00
CE Buy-Only,AXL/USDT,Chandelier Cross,2026-09-26 12:00 AM PKT,0.05359,STOPPED,0.05301,-1.08,2026-09-28T18:53:27.813721+00:00
CE Buy-Only,AXL/USDT,Chandelier Cross,2026-09-27 09:00 AM PKT,0.05292,STOPPED,0.05358,1.25,2026-09-28T18:53:27.815880+00:00
CE Buy-Only,AXL/USDT,Chandelier Cross,2026-09-28 02:00 PM PKT,0.05124,STOPPED,0.05185,1.19,2026-09-28T18:53:27.817981+00:00
NEW AdvancedConfluence,TRUMP/USDT,CHoCH,2026-09-18 06:00 PM PKT,2.104,STOPPED,2.046375,-2.74,2026-09-28T18:53:28.477397+00:00
NEW AdvancedConfluence,TRUMP/USDT,CHoCH,2026-09-26 03:00 AM PKT,2.131,STOPPED,2.110812,-0.95,2026-09-28T18:53:28.479180+00:00
CE Buy-Only,TRUMP/USDT,Chandelier Cross,2026-09-10 04:00 AM PKT,2.031,STOPPED,2.020636,-0.51,2026-09-28T18:53:28.484417+00:00
CE Buy-Only,TRUMP/USDT,Chandelier Cross,2026-09-13 04:00 AM PKT,1.989,STOPPED,1.989,0.0,2026-09-28T18:53:28.486529+00:00
CE Buy-Only,TRUMP/USDT,Chandelier Cross,2026-09-15 01:00 PM PKT,1.973,STOPPED,1.979,0.3,2026-09-28T18:53:28.488634+00:00
CE Buy-Only,TRUMP/USDT,Chandelier Cross,2026-09-24 03:00 AM PKT,1.959,STOPPED,1.955818,-0.16,2026-09-28T18:53:28.490700+00:00
NEW AdvancedConfluence,ALGO/USDT,CHoCH,2026-09-08 05:00 AM PKT,0.0984,STOPPED,0.096338,-2.1,2026-09-28T18:53:29.164280+00:00
NEW AdvancedConfluence,ALGO/USDT,CHoCH,2026-09-18 07:00 AM PKT,0.0938,TARGET,0.099337,5.9,2026-09-28T18:53:29.166085+00:00
NEW AdvancedConfluence,ALGO/USDT,CHoCH,2026-09-28 01:00 PM PKT,0.1222,TARGET,0.135587,10.95,2026-09-28T18:53:29.167356+00:00
CE Buy-Only,ALGO/USDT,Chandelier Cross,2026-09-11 09:00 AM PKT,0.0921,STOPPED,0.0927,0.65,2026-09-28T18:53:29.172039+00:00
CE Buy-Only,ALGO/USDT,Chandelier Cross,2026-09-16 03:00 AM PKT,0.0891,STOPPED,0.088991,-0.12,2026-09-28T18:53:29.174100+00:00
CE Buy-Only,GNOT/USDT,Chandelier Cross,2026-09-19 06:00 AM PKT,0.05874,STOPPED,0.05726,-2.52,2026-09-28T18:53:29.592590+00:00
CE Buy-Only,GNOT/USDT,Chandelier Cross,2026-09-24 03:00 AM PKT,0.09892,STOPPED,0.0924,-6.59,2026-09-28T18:53:29.594275+00:00
Pullback-in-Uptrend,GNOT/USDT,EMA20 Pullback,2026-09-23 02:00 PM PKT,0.06399,STOPPED,0.061141,-4.45,2026-09-28T18:53:29.598723+00:00
Donchian Breakout,GNOT/USDT,20-period High,2026-09-17 11:00 PM PKT,0.0659,STOPPED,0.058472,-11.27,2026-09-28T18:53:29.603350+00:00
Donchian Breakout,GNOT/USDT,20-period High,2026-09-23 05:00 PM PKT,0.06796,STOPPED,0.061141,-10.03,2026-09-28T18:53:29.605009+00:00
NEW AdvancedConfluence,ADA/USDT,CHoCH,2026-09-14 11:00 PM PKT,0.2138,STOPPED,0.208281,-2.58,2026-09-28T18:53:30.237834+00:00
CE Buy-Only,ADA/USDT,Chandelier Cross,2026-09-09 08:00 AM PKT,0.2167,STOPPED,0.2209,1.94,2026-09-28T18:53:30.242626+00:00
CE Buy-Only,ADA/USDT,Chandelier Cross,2026-09-15 01:00 PM PKT,0.2049,STOPPED,0.205,0.05,2026-09-28T18:53:30.244728+00:00
CE Buy-Only,ADA/USDT,Chandelier Cross,2026-09-23 09:00 PM PKT,0.2387,STOPPED,0.23705,-0.69,2026-09-28T18:53:30.246783+00:00
Union AB,Q/USDT,EMA+Breakout,2026-09-26 12:00 PM PKT,0.030305,STOPPED,0.027554,-9.08,2026-09-28T18:53:30.916650+00:00
Union AB Backup Tier,Q/USDT,EMA+Breakout,2026-09-26 12:00 PM PKT,0.030305,STOPPED,0.027554,-9.08,2026-09-28T18:53:30.918518+00:00
CE Buy-Only,Q/USDT,Chandelier Cross,2026-09-08 08:00 AM PKT,0.026485,STOPPED,0.026281,-0.77,2026-09-28T18:53:30.942261+00:00
CE Buy-Only,Q/USDT,Chandelier Cross,2026-09-10 03:00 AM PKT,0.025465,STOPPED,0.02538,-0.33,2026-09-28T18:53:30.944412+00:00
CE Buy-Only,Q/USDT,Chandelier Cross,2026-09-12 09:00 AM PKT,0.023456,STOPPED,0.02378,1.38,2026-09-28T18:53:30.946521+00:00
CE Buy-Only,Q/USDT,Chandelier Cross,2026-09-17 08:00 PM PKT,0.023527,STOPPED,0.023706,0.76,2026-09-28T18:53:30.948873+00:00
CE Buy-Only,Q/USDT,Chandelier Cross,2026-09-20 05:00 AM PKT,0.023968,STOPPED,0.023879,-0.37,2026-09-28T18:53:30.950994+00:00
CE Buy-Only,Q/USDT,Chandelier Cross,2026-09-25 01:00 AM PKT,0.026336,STOPPED,0.026398,0.24,2026-09-28T18:53:30.953105+00:00
CE Buy-Only,Q/USDT,Chandelier Cross,2026-09-26 03:00 AM PKT,0.024414,STOPPED,0.024311,-0.42,2026-09-28T18:53:30.955206+00:00
CE Buy-Only,Q/USDT,Chandelier Cross,2026-09-28 06:00 AM PKT,0.030819,STOPPED,0.02853,-7.43,2026-09-28T18:53:30.957323+00:00
Donchian Breakout,Q/USDT,20-period High,2026-09-26 11:00 AM PKT,0.027623,STOPPED,0.028429,2.92,2026-09-28T18:53:30.967937+00:00
Donchian Breakout,Q/USDT,20-period High,2026-09-27 10:00 AM PKT,0.043962,STOPPED,0.030032,-31.69,2026-09-28T18:53:30.969608+00:00
NEW AdvancedConfluence,PENGU/USDT,CHoCH,2026-09-21 01:00 PM PKT,0.008245,TARGET,0.009089,10.24,2026-09-28T18:53:31.602897+00:00
CE Buy-Only,PENGU/USDT,Chandelier Cross,2026-09-10 04:00 AM PKT,0.00767,STOPPED,0.007565,-1.37,2026-09-28T18:53:31.607748+00:00
CE Buy-Only,PENGU/USDT,Chandelier Cross,2026-09-15 01:00 PM PKT,0.00708,STOPPED,0.007065,-0.21,2026-09-28T18:53:31.609827+00:00
CE Buy-Only,ZRO/USDT,Chandelier Cross,2026-09-10 11:00 AM PKT,1.0654,STOPPED,1.0432,-2.08,2026-09-28T18:53:32.297324+00:00
CE Buy-Only,ZRO/USDT,Chandelier Cross,2026-09-12 06:00 AM PKT,0.9844,STOPPED,0.9863,0.19,2026-09-28T18:53:32.299433+00:00
CE Buy-Only,ZRO/USDT,Chandelier Cross,2026-09-15 05:00 PM PKT,0.9425,STOPPED,0.937541,-0.53,2026-09-28T18:53:32.301501+00:00
NEW AdvancedConfluence,TRX/USDT,CHoCH,2026-09-13 04:00 PM PKT,0.3409,STOPPED,0.340037,-0.25,2026-09-28T18:53:32.960155+00:00
NEW AdvancedConfluence,TRX/USDT,CHoCH,2026-09-20 12:00 AM PKT,0.3395,TARGET,0.343025,1.04,2026-09-28T18:53:32.961722+00:00
CE Buy-Only,TRX/USDT,Chandelier Cross,2026-09-09 09:00 PM PKT,0.3406,STOPPED,0.3401,-0.15,2026-09-28T18:53:32.966766+00:00
CE Buy-Only,TRX/USDT,Chandelier Cross,2026-09-11 05:00 PM PKT,0.3365,STOPPED,0.336418,-0.02,2026-09-28T18:53:32.968860+00:00
CE Buy-Only,TRX/USDT,Chandelier Cross,2026-09-14 05:00 AM PKT,0.3387,STOPPED,0.338241,-0.14,2026-09-28T18:53:32.970948+00:00
CE Buy-Only,TRX/USDT,Chandelier Cross,2026-09-15 09:00 AM PKT,0.3385,STOPPED,0.337723,-0.23,2026-09-28T18:53:32.973046+00:00
CE Buy-Only,TRX/USDT,Chandelier Cross,2026-09-16 03:00 AM PKT,0.3331,STOPPED,0.332877,-0.07,2026-09-28T18:53:32.975152+00:00
CE Buy-Only,TRX/USDT,Chandelier Cross,2026-09-21 06:00 AM PKT,0.3429,STOPPED,0.3432,0.09,2026-09-28T18:53:32.977242+00:00
CE Buy-Only,TRX/USDT,Chandelier Cross,2026-09-23 02:00 AM PKT,0.3416,STOPPED,0.3416,0.0,2026-09-28T18:53:32.979340+00:00
CE Buy-Only,TRX/USDT,Chandelier Cross,2026-09-23 10:00 PM PKT,0.3396,STOPPED,0.339227,-0.11,2026-09-28T18:53:32.981411+00:00
CE Buy-Only,TRX/USDT,Chandelier Cross,2026-09-24 03:00 PM PKT,0.3399,STOPPED,0.3396,-0.09,2026-09-28T18:53:32.983500+00:00
CE Buy-Only,TRX/USDT,Chandelier Cross,2026-09-25 04:00 PM PKT,0.3373,STOPPED,0.336923,-0.11,2026-09-28T18:53:32.985596+00:00
CE Buy-Only,TRX/USDT,Chandelier Cross,2026-09-27 04:00 AM PKT,0.3343,STOPPED,0.334241,-0.02,2026-09-28T18:53:32.987650+00:00
NEW AdvancedConfluence,XDC/USDT,CHoCH,2026-09-19 09:00 AM PKT,0.02825,STOPPED,0.028176,-0.26,2026-09-28T18:53:33.657831+00:00
CE Buy-Only,XDC/USDT,Chandelier Cross,2026-09-10 04:00 AM PKT,0.02845,STOPPED,0.028419,-0.11,2026-09-28T18:53:33.663029+00:00
CE Buy-Only,XDC/USDT,Chandelier Cross,2026-09-10 10:00 PM PKT,0.02832,STOPPED,0.02825,-0.25,2026-09-28T18:53:33.665163+00:00
CE Buy-Only,XDC/USDT,Chandelier Cross,2026-09-13 12:00 AM PKT,0.02772,STOPPED,0.02763,-0.32,2026-09-28T18:53:33.667224+00:00
CE Buy-Only,XDC/USDT,Chandelier Cross,2026-09-20 08:00 AM PKT,0.02787,STOPPED,0.028002,0.47,2026-09-28T18:53:33.669324+00:00
CE Buy-Only,XDC/USDT,Chandelier Cross,2026-09-24 02:00 AM PKT,0.02975,STOPPED,0.02963,-0.4,2026-09-28T18:53:33.671481+00:00
NEW AdvancedConfluence,PONS/USDT,CHoCH,2026-09-15 05:00 PM PKT,0.6792,STOPPED,0.612481,-9.82,2026-09-28T18:53:34.079314+00:00
NEW AdvancedConfluence,PONS/USDT,CHoCH,2026-09-26 04:00 AM PKT,0.6617,STOPPED,0.6327,-4.38,2026-09-28T18:53:34.080541+00:00
CE Buy-Only,PONS/USDT,Chandelier Cross,2026-09-10 01:00 AM PKT,0.649,STOPPED,0.639805,-1.42,2026-09-28T18:53:34.084595+00:00
CE Buy-Only,PONS/USDT,Chandelier Cross,2026-09-20 03:00 AM PKT,0.5854,STOPPED,0.5846,-0.14,2026-09-28T18:53:34.086367+00:00
CE Buy-Only,PONS/USDT,Chandelier Cross,2026-09-28 04:00 AM PKT,0.5761,STOPPED,0.5711,-0.87,2026-09-28T18:53:34.088105+00:00
CE Buy-Only,XAUT/USDT,Chandelier Cross,2026-09-10 06:00 PM PKT,4366.77,STOPPED,4358.64,-0.19,2026-09-28T18:53:34.938665+00:00
CE Buy-Only,XAUT/USDT,Chandelier Cross,2026-09-14 06:00 PM PKT,4278.02,STOPPED,4281.86,0.09,2026-09-28T18:53:34.940808+00:00
CE Buy-Only,XAUT/USDT,Chandelier Cross,2026-09-20 09:00 AM PKT,4369.41,STOPPED,4370.11,0.02,2026-09-28T18:53:34.942915+00:00
CE Buy-Only,XAUT/USDT,Chandelier Cross,2026-09-23 05:00 PM PKT,4312.36,STOPPED,4305.229545,-0.17,2026-09-28T18:53:34.944994+00:00
CE Buy-Only,XAUT/USDT,Chandelier Cross,2026-09-28 06:00 PM PKT,4163.45,STOPPED,4146.687727,-0.4,2026-09-28T18:53:34.947075+00:00
CE Buy-Only,MHA/USDT,Chandelier Cross,2026-09-22 08:00 AM PKT,0.041549,STOPPED,0.040906,-1.55,2026-09-28T18:53:35.723963+00:00
NEW AdvancedConfluence,WLD/USDT,CHoCH,2026-09-20 09:00 PM PKT,0.4519,STOPPED,0.430725,-4.69,2026-09-28T18:53:36.584434+00:00
NEW AdvancedConfluence,WLD/USDT,CHoCH,2026-09-26 08:00 PM PKT,0.541,STOPPED,0.518856,-4.09,2026-09-28T18:53:36.585726+00:00
CE Buy-Only,WLD/USDT,Chandelier Cross,2026-09-09 09:00 AM PKT,0.4579,STOPPED,0.4517,-1.35,2026-09-28T18:53:36.590436+00:00
CE Buy-Only,WLD/USDT,Chandelier Cross,2026-09-10 07:00 AM PKT,0.4132,STOPPED,0.4156,0.58,2026-09-28T18:53:36.592519+00:00
CE Buy-Only,WLD/USDT,Chandelier Cross,2026-09-13 08:00 AM PKT,0.3959,STOPPED,0.3955,-0.1,2026-09-28T18:53:36.594667+00:00
CE Buy-Only,WLD/USDT,Chandelier Cross,2026-09-15 01:00 PM PKT,0.3753,STOPPED,0.374964,-0.09,2026-09-28T18:53:36.596725+00:00
CE Buy-Only,WLD/USDT,Chandelier Cross,2026-09-23 09:00 PM PKT,0.4142,STOPPED,0.412705,-0.36,2026-09-28T18:53:36.598781+00:00
NEW AdvancedConfluence,MARSCOIN/USDT,CHoCH,2026-09-26 07:00 PM PKT,0.1267,TARGET,0.14435,13.93,2026-09-28T18:53:37.023106+00:00
CE Buy-Only,MARSCOIN/USDT,Chandelier Cross,2026-09-10 03:00 AM PKT,0.1067,STOPPED,0.107,0.28,2026-09-28T18:53:37.027004+00:00
CE Buy-Only,MARSCOIN/USDT,Chandelier Cross,2026-09-13 09:00 PM PKT,0.1044,STOPPED,0.1044,0.0,2026-09-28T18:53:37.028708+00:00
CE Buy-Only,MARSCOIN/USDT,Chandelier Cross,2026-09-24 06:00 PM PKT,0.1147,STOPPED,0.1139,-0.7,2026-09-28T18:53:37.030418+00:00
CE Buy-Only,MARSCOIN/USDT,Chandelier Cross,2026-09-28 04:00 AM PKT,0.1233,STOPPED,0.1218,-1.22,2026-09-28T18:53:37.032083+00:00
CE Buy-Only,TINA/USDT,Chandelier Cross,2026-09-18 02:00 AM PKT,0.005027,STOPPED,0.004965,-1.23,2026-09-28T18:53:37.435049+00:00
CE Buy-Only,TINA/USDT,Chandelier Cross,2026-09-19 09:00 PM PKT,0.004717,STOPPED,0.004686,-0.66,2026-09-28T18:53:37.436702+00:00
CE Buy-Only,TINA/USDT,Chandelier Cross,2026-09-20 03:00 PM PKT,0.004088,STOPPED,0.004073,-0.37,2026-09-28T18:53:37.438290+00:00
CE Buy-Only,TINA/USDT,Chandelier Cross,2026-09-21 08:00 PM PKT,0.003106,STOPPED,0.003093,-0.42,2026-09-28T18:53:37.439844+00:00
CE Buy-Only,TINA/USDT,Chandelier Cross,2026-09-23 11:00 AM PKT,0.002846,STOPPED,0.002842,-0.14,2026-09-28T18:53:37.441424+00:00
CE Buy-Only,TINA/USDT,Chandelier Cross,2026-09-27 09:00 AM PKT,0.002515,STOPPED,0.002498,-0.68,2026-09-28T18:53:37.442956+00:00
CE Buy-Only,TINA/USDT,Chandelier Cross,2026-09-28 12:00 PM PKT,0.00221,STOPPED,0.002212,0.09,2026-09-28T18:53:37.444526+00:00
NEW AdvancedConfluence,BSV/USDT,CHoCH,2026-09-13 07:00 PM PKT,17.32,STOPPED,17.268125,-0.3,2026-09-28T18:53:38.108200+00:00
CE Buy-Only,BSV/USDT,Chandelier Cross,2026-09-10 01:00 AM PKT,16.75,STOPPED,16.510909,-1.43,2026-09-28T18:53:38.112991+00:00
CE Buy-Only,BSV/USDT,Chandelier Cross,2026-09-15 08:00 PM PKT,16.34,STOPPED,16.24,-0.61,2026-09-28T18:53:38.115066+00:00
CE Buy-Only,BSV/USDT,Chandelier Cross,2026-09-22 06:00 PM PKT,20.607,STOPPED,20.289636,-1.54,2026-09-28T18:53:38.117144+00:00
CE Buy-Only,BSV/USDT,Chandelier Cross,2026-09-28 09:00 AM PKT,20.807,STOPPED,20.451545,-1.71,2026-09-28T18:53:38.119214+00:00
Pullback-in-Uptrend,BSV/USDT,EMA20 Pullback,2026-09-23 09:00 PM PKT,22.236,STOPPED,20.8245,-6.35,2026-09-28T18:53:38.127298+00:00
Pullback-in-Uptrend,BSV/USDT,EMA20 Pullback,2026-09-24 08:00 PM PKT,21.895,STOPPED,21.017781,-4.01,2026-09-28T18:53:38.129152+00:00
Pullback-in-Uptrend,BSV/USDT,EMA20 Pullback,2026-09-25 04:00 PM PKT,21.666,STOPPED,21.090156,-2.66,2026-09-28T18:53:38.131815+00:00
Pullback-in-Uptrend,BSV/USDT,EMA20 Pullback,2026-09-26 03:00 PM PKT,21.648,STOPPED,21.090156,-2.58,2026-09-28T18:53:38.133734+00:00
Pullback-in-Uptrend,BSV/USDT,EMA20 Pullback,2026-09-27 01:00 PM PKT,21.777,STOPPED,21.037875,-3.39,2026-09-28T18:53:38.135577+00:00
Donchian Breakout,BSV/USDT,20-period High,2026-09-26 08:00 PM PKT,21.881,STOPPED,21.090156,-3.61,2026-09-28T18:53:38.142647+00:00
Union AB,DASH/USDT,Ichimoku+MS,2026-09-17 09:00 PM PKT,61.54,STOPPED,59.436875,-3.42,2026-09-28T18:53:38.848830+00:00
Union AB,DASH/USDT,Ichimoku+MS,2026-09-26 03:00 PM PKT,65.89,TARGET,73.491875,11.54,2026-09-28T18:53:38.851170+00:00
Union AB Backup Tier,DASH/USDT,Ichimoku+MS,2026-09-17 09:00 PM PKT,61.54,STOPPED,59.436875,-3.42,2026-09-28T18:53:38.854000+00:00
Union AB Backup Tier,DASH/USDT,Ichimoku+MS,2026-09-26 03:00 PM PKT,65.89,TARGET,73.491875,11.54,2026-09-28T18:53:38.855692+00:00
Union AB,DASH/USDT,EMA+Breakout,2026-09-19 04:00 AM PKT,63.7,STOPPED,58.6025,-8.0,2026-09-28T18:53:38.859721+00:00
Union AB,DASH/USDT,EMA+Breakout,2026-09-22 10:00 PM PKT,64.37,STOPPED,60.68375,-5.73,2026-09-28T18:53:38.862354+00:00
Union AB,DASH/USDT,EMA+Breakout,2026-09-26 03:00 PM PKT,65.89,STOPPED,67.09,1.82,2026-09-28T18:53:38.865172+00:00
Union AB Backup Tier,DASH/USDT,EMA+Breakout,2026-09-19 04:00 AM PKT,63.7,STOPPED,58.6025,-8.0,2026-09-28T18:53:38.867214+00:00
Union AB Backup Tier,DASH/USDT,EMA+Breakout,2026-09-22 10:00 PM PKT,64.37,STOPPED,60.68375,-5.73,2026-09-28T18:53:38.869170+00:00
Union AB Backup Tier,DASH/USDT,EMA+Breakout,2026-09-26 03:00 PM PKT,65.89,STOPPED,67.09,1.82,2026-09-28T18:53:38.871364+00:00
NEW AdvancedConfluence,DASH/USDT,CHoCH,2026-09-22 09:00 PM PKT,61.04,STOPPED,61.979375,1.54,2026-09-28T18:53:38.894082+00:00
NEW AdvancedConfluence,DASH/USDT,CHoCH,2026-09-26 03:00 PM PKT,65.89,TARGET,70.41125,6.86,2026-09-28T18:53:38.895304+00:00
CE Buy-Only,DASH/USDT,Chandelier Cross,2026-09-10 07:00 AM PKT,58.27,STOPPED,57.780455,-0.84,2026-09-28T18:53:38.899955+00:00
CE Buy-Only,DASH/USDT,Chandelier Cross,2026-09-15 12:00 PM PKT,52.94,STOPPED,53.3,0.68,2026-09-28T18:53:38.902050+00:00
CE Buy-Only,DASH/USDT,Chandelier Cross,2026-09-24 06:00 AM PKT,57.28,STOPPED,58.69,2.46,2026-09-28T18:53:38.904155+00:00
Pullback-in-Uptrend,DASH/USDT,EMA20 Pullback,2026-09-09 09:00 AM PKT,64.89,STOPPED,60.974688,-6.03,2026-09-28T18:53:38.909375+00:00
Pullback-in-Uptrend,DASH/USDT,EMA20 Pullback,2026-09-11 06:00 PM PKT,58.96,STOPPED,55.04125,-6.65,2026-09-28T18:53:38.911715+00:00
Pullback-in-Uptrend,DASH/USDT,EMA20 Pullback,2026-09-16 06:00 PM PKT,55.09,STOPPED,59.436875,7.89,2026-09-28T18:53:38.915297+00:00
Pullback-in-Uptrend,DASH/USDT,EMA20 Pullback,2026-09-17 04:00 PM PKT,57.93,STOPPED,59.436875,2.6,2026-09-28T18:53:38.918220+00:00
Pullback-in-Uptrend,DASH/USDT,EMA20 Pullback,2026-09-18 08:00 AM PKT,61.6,STOPPED,59.436875,-3.51,2026-09-28T18:53:38.920675+00:00
Pullback-in-Uptrend,DASH/USDT,EMA20 Pullback,2026-09-22 12:00 PM PKT,60.43,STOPPED,60.169062,-0.43,2026-09-28T18:53:38.923477+00:00
Pullback-in-Uptrend,DASH/USDT,EMA20 Pullback,2026-09-24 12:00 PM PKT,61.03,STOPPED,66.77375,9.41,2026-09-28T18:53:38.927443+00:00
Pullback-in-Uptrend,DASH/USDT,EMA20 Pullback,2026-09-25 08:00 AM PKT,62.84,STOPPED,66.77375,6.26,2026-09-28T18:53:38.930659+00:00
Pullback-in-Uptrend,DASH/USDT,EMA20 Pullback,2026-09-26 03:00 AM PKT,63.42,STOPPED,66.77375,5.29,2026-09-28T18:53:38.933290+00:00
Pullback-in-Uptrend,DASH/USDT,EMA20 Pullback,2026-09-27 09:00 AM PKT,71.04,STOPPED,66.62875,-6.21,2026-09-28T18:53:38.934939+00:00
Donchian Breakout,DASH/USDT,20-period High,2026-09-09 11:00 AM PKT,65.33,STOPPED,60.974688,-6.67,2026-09-28T18:53:38.939207+00:00
Donchian Breakout,DASH/USDT,20-period High,2026-09-11 05:00 PM PKT,57.4,STOPPED,55.04125,-4.11,2026-09-28T18:53:38.941562+00:00
Donchian Breakout,DASH/USDT,20-period High,2026-09-16 04:00 PM PKT,53.88,STOPPED,59.436875,10.31,2026-09-28T18:53:38.945416+00:00
Donchian Breakout,DASH/USDT,20-period High,2026-09-17 08:00 AM PKT,60.17,STOPPED,59.436875,-1.22,2026-09-28T18:53:38.948597+00:00
Donchian Breakout,DASH/USDT,20-period High,2026-09-19 03:00 AM PKT,62.8,STOPPED,59.436875,-5.36,2026-09-28T18:53:38.950524+00:00
Donchian Breakout,DASH/USDT,20-period High,2026-09-22 09:00 PM PKT,61.04,STOPPED,60.169062,-1.43,2026-09-28T18:53:38.952801+00:00
Donchian Breakout,DASH/USDT,20-period High,2026-09-24 06:00 PM PKT,62.17,STOPPED,66.77375,7.41,2026-09-28T18:53:38.956341+00:00
Donchian Breakout,DASH/USDT,20-period High,2026-09-25 01:00 PM PKT,64.25,STOPPED,66.77375,3.93,2026-09-28T18:53:38.959355+00:00
Donchian Breakout,DASH/USDT,20-period High,2026-09-26 03:00 PM PKT,65.89,STOPPED,66.77375,1.34,2026-09-28T18:53:38.961686+00:00
Union AB,USELESS/USDT,EMA+Breakout,2026-09-22 11:00 PM PKT,0.32381,STOPPED,0.307702,-4.97,2026-09-28T18:53:39.776542+00:00
Union AB Backup Tier,USELESS/USDT,EMA+Breakout,2026-09-22 11:00 PM PKT,0.32381,STOPPED,0.307702,-4.97,2026-09-28T18:53:39.778626+00:00
NEW AdvancedConfluence,USELESS/USDT,CHoCH,2026-09-17 08:00 AM PKT,0.25867,STOPPED,0.252358,-2.44,2026-09-28T18:53:39.801299+00:00
CE Buy-Only,USELESS/USDT,Chandelier Cross,2026-09-10 07:00 AM PKT,0.22253,STOPPED,0.22198,-0.25,2026-09-28T18:53:39.806634+00:00
CE Buy-Only,USELESS/USDT,Chandelier Cross,2026-09-12 06:00 AM PKT,0.22282,STOPPED,0.22304,0.1,2026-09-28T18:53:39.808738+00:00
CE Buy-Only,USELESS/USDT,Chandelier Cross,2026-09-21 05:00 AM PKT,0.24484,STOPPED,0.23676,-3.3,2026-09-28T18:53:39.810830+00:00
CE Buy-Only,USELESS/USDT,Chandelier Cross,2026-09-28 04:00 PM PKT,0.24916,STOPPED,0.248441,-0.29,2026-09-28T18:53:39.812882+00:00
Pullback-in-Uptrend,USELESS/USDT,EMA20 Pullback,2026-09-08 10:00 AM PKT,0.24043,STOPPED,0.271643,12.98,2026-09-28T18:53:39.818510+00:00
Pullback-in-Uptrend,USELESS/USDT,EMA20 Pullback,2026-09-09 09:00 AM PKT,0.29405,STOPPED,0.271643,-7.62,2026-09-28T18:53:39.820247+00:00
Pullback-in-Uptrend,USELESS/USDT,EMA20 Pullback,2026-09-11 01:00 AM PKT,0.24448,STOPPED,0.217271,-11.13,2026-09-28T18:53:39.822600+00:00
Pullback-in-Uptrend,USELESS/USDT,EMA20 Pullback,2026-09-11 05:00 PM PKT,0.25185,STOPPED,0.217271,-13.73,2026-09-28T18:53:39.824485+00:00
Pullback-in-Uptrend,USELESS/USDT,EMA20 Pullback,2026-09-12 10:00 PM PKT,0.23246,STOPPED,0.21936,-5.64,2026-09-28T18:53:39.826396+00:00
Pullback-in-Uptrend,USELESS/USDT,EMA20 Pullback,2026-09-17 02:00 AM PKT,0.23428,STOPPED,0.239277,2.13,2026-09-28T18:53:39.828903+00:00
Pullback-in-Uptrend,USELESS/USDT,EMA20 Pullback,2026-09-17 06:00 PM PKT,0.25733,STOPPED,0.239277,-7.02,2026-09-28T18:53:39.830955+00:00
Pullback-in-Uptrend,USELESS/USDT,EMA20 Pullback,2026-09-18 12:00 PM PKT,0.26336,STOPPED,0.263909,0.21,2026-09-28T18:53:39.833376+00:00
Pullback-in-Uptrend,USELESS/USDT,EMA20 Pullback,2026-09-21 01:00 PM PKT,0.265,STOPPED,0.306488,15.66,2026-09-28T18:53:39.836440+00:00
Pullback-in-Uptrend,USELESS/USDT,EMA20 Pullback,2026-09-22 05:00 AM PKT,0.28523,STOPPED,0.306488,7.45,2026-09-28T18:53:39.838999+00:00
Pullback-in-Uptrend,USELESS/USDT,EMA20 Pullback,2026-09-22 09:00 PM PKT,0.30366,STOPPED,0.306488,0.93,2026-09-28T18:53:39.841083+00:00
Pullback-in-Uptrend,USELESS/USDT,EMA20 Pullback,2026-09-25 05:00 PM PKT,0.30771,STOPPED,0.277122,-9.94,2026-09-28T18:53:39.843097+00:00
Pullback-in-Uptrend,USELESS/USDT,EMA20 Pullback,2026-09-27 06:00 AM PKT,0.28582,STOPPED,0.27255,-4.64,2026-09-28T18:53:39.845112+00:00
Pullback-in-Uptrend,USELESS/USDT,EMA20 Pullback,2026-09-27 11:00 PM PKT,0.3007,STOPPED,0.270218,-10.14,2026-09-28T18:53:39.846681+00:00
Donchian Breakout,USELESS/USDT,20-period High,2026-09-08 02:00 PM PKT,0.26507,STOPPED,0.271643,2.48,2026-09-28T18:53:39.851238+00:00
Donchian Breakout,USELESS/USDT,20-period High,2026-09-09 10:00 AM PKT,0.32226,STOPPED,0.271643,-15.71,2026-09-28T18:53:39.852939+00:00
Donchian Breakout,USELESS/USDT,20-period High,2026-09-16 12:00 AM PKT,0.21787,STOPPED,0.239277,9.83,2026-09-28T18:53:39.856304+00:00
Donchian Breakout,USELESS/USDT,20-period High,2026-09-17 08:00 AM PKT,0.25867,STOPPED,0.239277,-7.5,2026-09-28T18:53:39.858696+00:00
Donchian Breakout,USELESS/USDT,20-period High,2026-09-18 11:00 PM PKT,0.29036,STOPPED,0.263909,-9.11,2026-09-28T18:53:39.860788+00:00
Donchian Breakout,USELESS/USDT,20-period High,2026-09-21 02:00 PM PKT,0.2778,STOPPED,0.306488,10.33,2026-09-28T18:53:39.863764+00:00
Donchian Breakout,USELESS/USDT,20-period High,2026-09-22 03:00 PM PKT,0.30701,STOPPED,0.306488,-0.17,2026-09-28T18:53:39.866055+00:00
CE Buy-Only,PAXG/USDT,Chandelier Cross,2026-09-10 06:00 PM PKT,4367.27,STOPPED,4359.95,-0.17,2026-09-28T18:53:40.551189+00:00
CE Buy-Only,PAXG/USDT,Chandelier Cross,2026-09-14 06:00 PM PKT,4281.71,STOPPED,4287.28,0.13,2026-09-28T18:53:40.553290+00:00
CE Buy-Only,PAXG/USDT,Chandelier Cross,2026-09-20 08:00 AM PKT,4361.59,STOPPED,4360.245,-0.03,2026-09-28T18:53:40.555366+00:00
CE Buy-Only,PAXG/USDT,Chandelier Cross,2026-09-23 04:00 PM PKT,4311.93,STOPPED,4307.85,-0.09,2026-09-28T18:53:40.557416+00:00
CE Buy-Only,PAXG/USDT,Chandelier Cross,2026-09-27 11:00 AM PKT,4279.01,STOPPED,4279.83,0.02,2026-09-28T18:53:40.559500+00:00
CE Buy-Only,PAXG/USDT,Chandelier Cross,2026-09-28 05:00 PM PKT,4162.68,STOPPED,4154.808636,-0.19,2026-09-28T18:53:40.561564+00:00
NEW AdvancedConfluence,FET/USDT,CHoCH,2026-09-17 05:00 PM PKT,0.162,TARGET,0.17215,6.27,2026-09-28T18:53:41.267938+00:00
CE Buy-Only,FET/USDT,Chandelier Cross,2026-09-15 10:00 AM PKT,0.1623,STOPPED,0.1621,-0.12,2026-09-28T18:53:41.272774+00:00
NEW AdvancedConfluence,BCH/USDT,CHoCH,2026-09-18 08:00 AM PKT,248.65,STOPPED,255.591875,2.79,2026-09-28T18:53:41.966802+00:00
CE Buy-Only,BCH/USDT,Chandelier Cross,2026-09-11 05:00 AM PKT,226.9,STOPPED,227.45,0.24,2026-09-28T18:53:41.972061+00:00
CE Buy-Only,BCH/USDT,Chandelier Cross,2026-09-13 04:00 AM PKT,226.46,STOPPED,226.42,-0.02,2026-09-28T18:53:41.974193+00:00
CE Buy-Only,BCH/USDT,Chandelier Cross,2026-09-15 01:00 PM PKT,221.97,STOPPED,223.05,0.49,2026-09-28T18:53:41.976327+00:00
CE Buy-Only,BCH/USDT,Chandelier Cross,2026-09-19 01:00 PM PKT,248.35,STOPPED,249.02,0.27,2026-09-28T18:53:41.978437+00:00
CE Buy-Only,BCH/USDT,Chandelier Cross,2026-09-28 09:00 AM PKT,316.82,STOPPED,316.020909,-0.25,2026-09-28T18:53:41.980473+00:00
CE Buy-Only,VIRTUAL/USDT,Chandelier Cross,2026-09-10 04:00 AM PKT,0.6601,STOPPED,0.655327,-0.72,2026-09-28T18:53:42.682195+00:00
CE Buy-Only,VIRTUAL/USDT,Chandelier Cross,2026-09-13 09:00 AM PKT,0.6153,STOPPED,0.6186,0.54,2026-09-28T18:53:42.684407+00:00
CE Buy-Only,VIRTUAL/USDT,Chandelier Cross,2026-09-15 01:00 PM PKT,0.6052,STOPPED,0.6047,-0.08,2026-09-28T18:53:42.686496+00:00
Union AB,KAS/USDT,EMA+Breakout,2026-09-26 01:00 PM PKT,0.04422,STOPPED,0.046317,4.74,2026-09-28T18:53:43.332317+00:00
Union AB Backup Tier,KAS/USDT,EMA+Breakout,2026-09-26 01:00 PM PKT,0.04422,STOPPED,0.046317,4.74,2026-09-28T18:53:43.335520+00:00
NEW AdvancedConfluence,KAS/USDT,CHoCH,2026-09-25 01:00 PM PKT,0.04144,TARGET,0.04462,7.67,2026-09-28T18:53:43.359039+00:00
Pullback-in-Uptrend,KAS/USDT,EMA20 Pullback,2026-09-25 12:00 PM PKT,0.04015,STOPPED,0.046378,15.51,2026-09-28T18:53:43.369452+00:00
Pullback-in-Uptrend,KAS/USDT,EMA20 Pullback,2026-09-26 06:00 AM PKT,0.04249,STOPPED,0.046378,9.15,2026-09-28T18:53:43.372344+00:00
Pullback-in-Uptrend,KAS/USDT,EMA20 Pullback,2026-09-27 04:00 AM PKT,0.04785,STOPPED,0.046378,-3.08,2026-09-28T18:53:43.374568+00:00
Pullback-in-Uptrend,KAS/USDT,EMA20 Pullback,2026-09-27 11:00 PM PKT,0.04886,STOPPED,0.046378,-5.08,2026-09-28T18:53:43.376159+00:00
Donchian Breakout,KAS/USDT,20-period High,2026-09-25 01:00 PM PKT,0.04144,STOPPED,0.046378,11.92,2026-09-28T18:53:43.383745+00:00
Donchian Breakout,KAS/USDT,20-period High,2026-09-26 09:00 AM PKT,0.04367,STOPPED,0.046378,6.2,2026-09-28T18:53:43.386523+00:00
CE Buy-Only,TA/USDT,Chandelier Cross,2026-09-23 09:00 PM PKT,0.05496,STOPPED,0.054826,-0.24,2026-09-28T18:53:43.784916+00:00
Pullback-in-Uptrend,TA/USDT,EMA20 Pullback,2026-09-17 07:00 AM PKT,0.05144,STOPPED,0.051633,0.38,2026-09-28T18:53:43.788781+00:00
Donchian Breakout,TA/USDT,20-period High,2026-09-17 05:00 PM PKT,0.0529,STOPPED,0.051633,-2.4,2026-09-28T18:53:43.793812+00:00
CE Buy-Only,YOM/USDT,Chandelier Cross,2026-09-09 01:00 AM PKT,0.01333,STOPPED,0.013295,-0.26,2026-09-28T18:53:44.454947+00:00
CE Buy-Only,YOM/USDT,Chandelier Cross,2026-09-12 02:00 AM PKT,0.01336,STOPPED,0.01335,-0.07,2026-09-28T18:53:44.457067+00:00
CE Buy-Only,YOM/USDT,Chandelier Cross,2026-09-12 10:00 PM PKT,0.01337,STOPPED,0.013282,-0.66,2026-09-28T18:53:44.459175+00:00
CE Buy-Only,YOM/USDT,Chandelier Cross,2026-09-15 09:00 AM PKT,0.01317,STOPPED,0.013165,-0.04,2026-09-28T18:53:44.461259+00:00
CE Buy-Only,YOM/USDT,Chandelier Cross,2026-09-16 03:00 AM PKT,0.01378,STOPPED,0.01384,0.44,2026-09-28T18:53:44.463368+00:00
CE Buy-Only,YOM/USDT,Chandelier Cross,2026-09-18 09:00 AM PKT,0.01505,STOPPED,0.01501,-0.27,2026-09-28T18:53:44.465487+00:00
CE Buy-Only,YOM/USDT,Chandelier Cross,2026-09-20 11:00 PM PKT,0.01583,STOPPED,0.01581,-0.13,2026-09-28T18:53:44.467554+00:00
CE Buy-Only,YOM/USDT,Chandelier Cross,2026-09-21 07:00 PM PKT,0.01601,STOPPED,0.015777,-1.46,2026-09-28T18:53:44.469619+00:00
CE Buy-Only,YOM/USDT,Chandelier Cross,2026-09-23 02:00 AM PKT,0.01562,STOPPED,0.01568,0.38,2026-09-28T18:53:44.471711+00:00
CE Buy-Only,YOM/USDT,Chandelier Cross,2026-09-24 08:00 PM PKT,0.01683,STOPPED,0.016795,-0.21,2026-09-28T18:53:44.473763+00:00
CE Buy-Only,YOM/USDT,Chandelier Cross,2026-09-27 10:00 PM PKT,0.01504,STOPPED,0.01502,-0.13,2026-09-28T18:53:44.475846+00:00
NEW AdvancedConfluence,SKY/USDT,CHoCH,2026-09-23 02:00 PM PKT,0.07472,STOPPED,0.072011,-3.63,2026-09-28T18:53:45.292437+00:00
CE Buy-Only,SKY/USDT,Chandelier Cross,2026-09-08 12:00 PM PKT,0.06846,STOPPED,0.067429,-1.51,2026-09-28T18:53:45.297226+00:00
CE Buy-Only,SKY/USDT,Chandelier Cross,2026-09-09 11:00 PM PKT,0.06363,STOPPED,0.063429,-0.32,2026-09-28T18:53:45.299293+00:00
CE Buy-Only,SKY/USDT,Chandelier Cross,2026-09-10 06:00 PM PKT,0.05909,STOPPED,0.05873,-0.61,2026-09-28T18:53:45.301400+00:00
CE Buy-Only,SKY/USDT,Chandelier Cross,2026-09-13 05:00 PM PKT,0.06212,STOPPED,0.061778,-0.55,2026-09-28T18:53:45.303463+00:00
CE Buy-Only,SKY/USDT,Chandelier Cross,2026-09-15 08:00 PM PKT,0.06169,STOPPED,0.061992,0.49,2026-09-28T18:53:45.305606+00:00
CE Buy-Only,SKY/USDT,Chandelier Cross,2026-09-16 02:00 PM PKT,0.05922,STOPPED,0.0591,-0.2,2026-09-28T18:53:45.307694+00:00
CE Buy-Only,SKY/USDT,Chandelier Cross,2026-09-22 10:00 AM PKT,0.06889,STOPPED,0.06881,-0.12,2026-09-28T18:53:45.309750+00:00
CE Buy-Only,SKY/USDT,Chandelier Cross,2026-09-25 12:00 PM PKT,0.07234,STOPPED,0.07362,1.77,2026-09-28T18:53:45.311887+00:00
CE Buy-Only,NIULAI/USDT,Chandelier Cross,2026-09-10 06:00 AM PKT,0.0803,STOPPED,0.081,0.87,2026-09-28T18:53:45.756476+00:00
Pullback-in-Uptrend,NIULAI/USDT,EMA20 Pullback,2026-09-12 09:00 AM PKT,0.1301,STOPPED,0.126957,-2.42,2026-09-28T18:53:45.761963+00:00
Donchian Breakout,NIULAI/USDT,20-period High,2026-09-10 08:00 PM PKT,0.08757,STOPPED,0.126957,44.98,2026-09-28T18:53:45.769972+00:00
Donchian Breakout,NIULAI/USDT,20-period High,2026-09-11 02:00 PM PKT,0.14861,STOPPED,0.126957,-14.57,2026-09-28T18:53:45.772735+00:00
CE Buy-Only,JASMY/USDT,Chandelier Cross,2026-09-13 01:00 AM PKT,0.003996,STOPPED,0.003982,-0.35,2026-09-28T18:53:46.546205+00:00
CE Buy-Only,JASMY/USDT,Chandelier Cross,2026-09-14 04:00 AM PKT,0.003858,STOPPED,0.003838,-0.52,2026-09-28T18:53:46.548288+00:00
CE Buy-Only,JASMY/USDT,Chandelier Cross,2026-09-24 03:00 AM PKT,0.004191,STOPPED,0.004187,-0.1,2026-09-28T18:53:46.550395+00:00
NEW AdvancedConfluence,ADI/USDT,CHoCH,2026-09-20 01:00 PM PKT,8.8346,STOPPED,8.805175,-0.33,2026-09-28T18:53:47.221163+00:00
CE Buy-Only,ADI/USDT,Chandelier Cross,2026-09-08 03:00 PM PKT,8.0287,STOPPED,8.0306,0.02,2026-09-28T18:53:47.225955+00:00
CE Buy-Only,ADI/USDT,Chandelier Cross,2026-09-09 02:00 PM PKT,8.2209,STOPPED,8.205614,-0.19,2026-09-28T18:53:47.228062+00:00
CE Buy-Only,ADI/USDT,Chandelier Cross,2026-09-14 02:00 PM PKT,8.7242,STOPPED,8.7421,0.21,2026-09-28T18:53:47.230214+00:00
CE Buy-Only,ADI/USDT,Chandelier Cross,2026-09-19 01:00 PM PKT,8.8094,STOPPED,8.805795,-0.04,2026-09-28T18:53:47.232308+00:00
CE Buy-Only,ADI/USDT,Chandelier Cross,2026-09-24 12:00 PM PKT,8.6558,STOPPED,8.653332,-0.03,2026-09-28T18:53:47.234381+00:00
CE Buy-Only,ADI/USDT,Chandelier Cross,2026-09-25 06:00 AM PKT,8.4214,STOPPED,8.4149,-0.08,2026-09-28T18:53:47.236517+00:00
CE Buy-Only,ADI/USDT,Chandelier Cross,2026-09-26 04:00 AM PKT,8.1985,STOPPED,8.1996,0.01,2026-09-28T18:53:47.238655+00:00
Pullback-in-Uptrend,ADI/USDT,EMA20 Pullback,2026-09-10 08:00 AM PKT,8.3193,STOPPED,8.799356,5.77,2026-09-28T18:53:47.246440+00:00
Pullback-in-Uptrend,ADI/USDT,EMA20 Pullback,2026-09-11 11:00 AM PKT,8.6667,STOPPED,8.799356,1.53,2026-09-28T18:53:47.249538+00:00
Pullback-in-Uptrend,ADI/USDT,EMA20 Pullback,2026-09-12 03:00 AM PKT,8.7742,STOPPED,8.799356,0.29,2026-09-28T18:53:47.252163+00:00
Pullback-in-Uptrend,ADI/USDT,EMA20 Pullback,2026-09-12 10:00 PM PKT,8.7893,STOPPED,8.799356,0.11,2026-09-28T18:53:47.254216+00:00
Pullback-in-Uptrend,ADI/USDT,EMA20 Pullback,2026-09-13 02:00 PM PKT,8.8318,STOPPED,8.799356,-0.37,2026-09-28T18:53:47.255755+00:00
Pullback-in-Uptrend,ADI/USDT,EMA20 Pullback,2026-09-15 07:00 AM PKT,8.7469,STOPPED,8.726453,-0.23,2026-09-28T18:53:47.258254+00:00
Pullback-in-Uptrend,ADI/USDT,EMA20 Pullback,2026-09-15 11:00 PM PKT,8.7879,STOPPED,8.726453,-0.7,2026-09-28T18:53:47.260253+00:00
Pullback-in-Uptrend,ADI/USDT,EMA20 Pullback,2026-09-16 03:00 PM PKT,8.789,STOPPED,8.726453,-0.71,2026-09-28T18:53:47.261775+00:00
Pullback-in-Uptrend,ADI/USDT,EMA20 Pullback,2026-09-17 07:00 AM PKT,8.761,STOPPED,8.721644,-0.45,2026-09-28T18:53:47.263396+00:00
Pullback-in-Uptrend,ADI/USDT,EMA20 Pullback,2026-09-17 11:00 PM PKT,8.8186,STOPPED,8.843147,0.28,2026-09-28T18:53:47.265917+00:00
Donchian Breakout,ADI/USDT,20-period High,2026-09-10 09:00 AM PKT,8.3487,STOPPED,8.799356,5.4,2026-09-28T18:53:47.273357+00:00
Donchian Breakout,ADI/USDT,20-period High,2026-09-11 01:00 AM PKT,8.5437,STOPPED,8.799356,2.99,2026-09-28T18:53:47.276695+00:00
Donchian Breakout,ADI/USDT,20-period High,2026-09-11 07:00 PM PKT,8.7132,STOPPED,8.799356,0.99,2026-09-28T18:53:47.279531+00:00
Donchian Breakout,ADI/USDT,20-period High,2026-09-12 06:00 PM PKT,8.8022,STOPPED,8.799356,-0.03,2026-09-28T18:53:47.281727+00:00
Donchian Breakout,ADI/USDT,20-period High,2026-09-15 10:00 PM PKT,8.7603,STOPPED,8.726453,-0.39,2026-09-28T18:53:47.283745+00:00
Donchian Breakout,ADI/USDT,20-period High,2026-09-17 09:00 PM PKT,8.8097,STOPPED,8.843147,0.38,2026-09-28T18:53:47.286284+00:00
Union AB,VELO/USDT,Ichimoku+MS,2026-09-09 04:00 PM PKT,0.0053,STOPPED,0.005024,-5.21,2026-09-28T18:53:47.920028+00:00
Union AB Backup Tier,VELO/USDT,Ichimoku+MS,2026-09-09 04:00 PM PKT,0.0053,STOPPED,0.005024,-5.21,2026-09-28T18:53:47.921964+00:00
Union AB,VELO/USDT,EMA+Breakout,2026-09-09 04:00 PM PKT,0.0053,STOPPED,0.005068,-4.38,2026-09-28T18:53:47.925950+00:00
Union AB Backup Tier,VELO/USDT,EMA+Breakout,2026-09-09 04:00 PM PKT,0.0053,STOPPED,0.005068,-4.38,2026-09-28T18:53:47.928096+00:00
NEW AdvancedConfluence,VELO/USDT,CHoCH,2026-09-27 01:00 PM PKT,0.005002,STOPPED,0.0049,-2.04,2026-09-28T18:53:47.951042+00:00
CE Buy-Only,VELO/USDT,Chandelier Cross,2026-09-10 06:00 AM PKT,0.005082,STOPPED,0.005113,0.61,2026-09-28T18:53:47.955940+00:00
CE Buy-Only,VELO/USDT,Chandelier Cross,2026-09-12 07:00 AM PKT,0.004616,STOPPED,0.004602,-0.3,2026-09-28T18:53:47.958018+00:00
CE Buy-Only,VELO/USDT,Chandelier Cross,2026-09-12 11:00 PM PKT,0.004514,STOPPED,0.004488,-0.58,2026-09-28T18:53:47.960060+00:00
CE Buy-Only,VELO/USDT,Chandelier Cross,2026-09-13 09:00 PM PKT,0.004129,STOPPED,0.004177,1.16,2026-09-28T18:53:47.962136+00:00
CE Buy-Only,VELO/USDT,Chandelier Cross,2026-09-15 10:00 PM PKT,0.004096,STOPPED,0.004054,-1.03,2026-09-28T18:53:47.964215+00:00
CE Buy-Only,VELO/USDT,Chandelier Cross,2026-09-25 01:00 PM PKT,0.004525,STOPPED,0.004589,1.41,2026-09-28T18:53:47.966422+00:00
CE Buy-Only,VELO/USDT,Chandelier Cross,2026-09-27 06:00 AM PKT,0.004692,STOPPED,0.004683,-0.19,2026-09-28T18:53:47.968454+00:00
Pullback-in-Uptrend,VELO/USDT,EMA20 Pullback,2026-09-08 02:00 PM PKT,0.005056,STOPPED,0.005024,-0.63,2026-09-28T18:53:47.974257+00:00
Pullback-in-Uptrend,VELO/USDT,EMA20 Pullback,2026-09-09 09:00 AM PKT,0.00511,STOPPED,0.005024,-1.68,2026-09-28T18:53:47.976289+00:00
Donchian Breakout,VELO/USDT,20-period High,2026-09-09 12:00 AM PKT,0.0052,STOPPED,0.005024,-3.38,2026-09-28T18:53:47.982423+00:00
Donchian Breakout,VELO/USDT,20-period High,2026-09-09 04:00 PM PKT,0.0053,STOPPED,0.005024,-5.21,2026-09-28T18:53:47.984224+00:00
CE Buy-Only,CC/USDT,Chandelier Cross,2026-09-09 09:00 PM PKT,0.10438,STOPPED,0.103679,-0.67,2026-09-28T18:53:48.643885+00:00
CE Buy-Only,CC/USDT,Chandelier Cross,2026-09-10 11:00 PM PKT,0.09995,STOPPED,0.099,-0.95,2026-09-28T18:53:48.645977+00:00
CE Buy-Only,CC/USDT,Chandelier Cross,2026-09-13 02:00 AM PKT,0.09706,STOPPED,0.09714,0.08,2026-09-28T18:53:48.648069+00:00
CE Buy-Only,CC/USDT,Chandelier Cross,2026-09-13 09:00 PM PKT,0.09548,STOPPED,0.09566,0.19,2026-09-28T18:53:48.650157+00:00
CE Buy-Only,CC/USDT,Chandelier Cross,2026-09-15 01:00 PM PKT,0.09528,STOPPED,0.09557,0.3,2026-09-28T18:53:48.652235+00:00
CE Buy-Only,CC/USDT,Chandelier Cross,2026-09-20 09:00 AM PKT,0.10564,STOPPED,0.105121,-0.49,2026-09-28T18:53:48.654283+00:00
CE Buy-Only,CC/USDT,Chandelier Cross,2026-09-23 09:00 PM PKT,0.10809,STOPPED,0.107495,-0.55,2026-09-28T18:53:48.656358+00:00
NEW AdvancedConfluence,ICP/USDT,CHoCH,2026-09-18 02:00 PM PKT,2.808,STOPPED,2.861625,1.91,2026-09-28T18:53:49.381994+00:00
NEW AdvancedConfluence,ICP/USDT,CHoCH,2026-09-25 03:00 PM PKT,3.25,STOPPED,3.129875,-3.7,2026-09-28T18:53:49.383189+00:00
CE Buy-Only,ICP/USDT,Chandelier Cross,2026-09-09 07:00 AM PKT,2.874,STOPPED,2.844455,-1.03,2026-09-28T18:53:49.387747+00:00
CE Buy-Only,ICP/USDT,Chandelier Cross,2026-09-13 02:00 PM PKT,2.661,STOPPED,2.652,-0.34,2026-09-28T18:53:49.389869+00:00
CE Buy-Only,ICP/USDT,Chandelier Cross,2026-09-15 05:00 PM PKT,2.574,STOPPED,2.571955,-0.08,2026-09-28T18:53:49.391956+00:00
Union AB,AERO/USDT,EMA+Breakout,2026-09-25 02:00 PM PKT,0.769,TARGET,0.8618,12.07,2026-09-28T18:53:50.092989+00:00
Union AB Backup Tier,AERO/USDT,EMA+Breakout,2026-09-25 02:00 PM PKT,0.769,TARGET,0.8618,12.07,2026-09-28T18:53:50.095516+00:00
NEW AdvancedConfluence,AERO/USDT,CHoCH,2026-09-17 05:00 PM PKT,0.5827,TARGET,0.622012,6.75,2026-09-28T18:53:50.117530+00:00
CE Buy-Only,AERO/USDT,Chandelier Cross,2026-09-10 04:00 AM PKT,0.5532,STOPPED,0.5578,0.83,2026-09-28T18:53:50.122796+00:00
CE Buy-Only,AERO/USDT,Chandelier Cross,2026-09-12 09:00 AM PKT,0.5706,STOPPED,0.567436,-0.55,2026-09-28T18:53:50.124883+00:00
CE Buy-Only,AERO/USDT,Chandelier Cross,2026-09-13 03:00 AM PKT,0.5674,STOPPED,0.5668,-0.11,2026-09-28T18:53:50.126936+00:00
CE Buy-Only,AERO/USDT,Chandelier Cross,2026-09-15 04:00 PM PKT,0.5493,STOPPED,0.5522,0.53,2026-09-28T18:53:50.129009+00:00
CE Buy-Only,AERO/USDT,Chandelier Cross,2026-09-27 09:00 PM PKT,0.8279,STOPPED,0.8374,1.15,2026-09-28T18:53:50.131072+00:00
CE Buy-Only,AERO/USDT,Chandelier Cross,2026-09-28 03:00 PM PKT,0.786,STOPPED,0.785909,-0.01,2026-09-28T18:53:50.133209+00:00
Pullback-in-Uptrend,AERO/USDT,EMA20 Pullback,2026-09-26 10:00 PM PKT,0.8864,STOPPED,0.8642,-2.5,2026-09-28T18:53:50.140933+00:00
Donchian Breakout,AERO/USDT,20-period High,2026-09-25 12:00 PM PKT,0.728,STOPPED,0.8642,18.71,2026-09-28T18:53:50.147893+00:00
Donchian Breakout,AERO/USDT,20-period High,2026-09-26 07:00 AM PKT,0.8954,STOPPED,0.8642,-3.48,2026-09-28T18:53:50.150080+00:00
CE Buy-Only,GRASS/USDT,Chandelier Cross,2026-09-08 07:00 PM PKT,0.328,STOPPED,0.335306,2.23,2026-09-28T18:53:50.821447+00:00
CE Buy-Only,GRASS/USDT,Chandelier Cross,2026-09-10 10:00 AM PKT,0.3412,STOPPED,0.333532,-2.25,2026-09-28T18:53:50.823544+00:00
CE Buy-Only,GRASS/USDT,Chandelier Cross,2026-09-14 04:00 AM PKT,0.3123,STOPPED,0.311218,-0.35,2026-09-28T18:53:50.825614+00:00
CE Buy-Only,GRASS/USDT,Chandelier Cross,2026-09-15 01:00 PM PKT,0.323,STOPPED,0.321982,-0.32,2026-09-28T18:53:50.827690+00:00
NEW AdvancedConfluence,INJ/USDT,CHoCH,2026-09-12 10:00 PM PKT,6.065,STOPPED,5.978375,-1.43,2026-09-28T18:53:51.483875+00:00
NEW AdvancedConfluence,INJ/USDT,CHoCH,2026-09-17 01:00 PM PKT,5.569,TARGET,6.0585,8.79,2026-09-28T18:53:51.485676+00:00
CE Buy-Only,INJ/USDT,Chandelier Cross,2026-09-13 02:00 PM PKT,5.823,STOPPED,5.801864,-0.36,2026-09-28T18:53:51.490885+00:00
CE Buy-Only,INJ/USDT,Chandelier Cross,2026-09-15 02:00 PM PKT,6.017,STOPPED,6.008045,-0.15,2026-09-28T18:53:51.492960+00:00
Pullback-in-Uptrend,INJ/USDT,EMA20 Pullback,2026-09-20 02:00 PM PKT,7.872,STOPPED,7.564719,-3.9,2026-09-28T18:53:51.499420+00:00
Pullback-in-Uptrend,INJ/USDT,EMA20 Pullback,2026-09-21 03:00 PM PKT,7.846,STOPPED,7.56075,-3.64,2026-09-28T18:53:51.502393+00:00
Pullback-in-Uptrend,INJ/USDT,EMA20 Pullback,2026-09-22 04:00 PM PKT,7.831,STOPPED,7.56075,-3.45,2026-09-28T18:53:51.504674+00:00
Pullback-in-Uptrend,INJ/USDT,EMA20 Pullback,2026-09-23 08:00 AM PKT,8.054,STOPPED,7.9045,-1.86,2026-09-28T18:53:51.507869+00:00
Pullback-in-Uptrend,INJ/USDT,EMA20 Pullback,2026-09-24 07:00 AM PKT,8.054,STOPPED,7.9045,-1.86,2026-09-28T18:53:51.510413+00:00
Pullback-in-Uptrend,INJ/USDT,EMA20 Pullback,2026-09-24 11:00 PM PKT,8.319,STOPPED,7.9045,-4.98,2026-09-28T18:53:51.512501+00:00
Pullback-in-Uptrend,INJ/USDT,EMA20 Pullback,2026-09-25 04:00 PM PKT,8.259,STOPPED,7.7365,-6.33,2026-09-28T18:53:51.514424+00:00
Pullback-in-Uptrend,INJ/USDT,EMA20 Pullback,2026-09-27 06:00 AM PKT,7.945,STOPPED,7.722531,-2.8,2026-09-28T18:53:51.516534+00:00
Pullback-in-Uptrend,INJ/USDT,EMA20 Pullback,2026-09-27 10:00 PM PKT,7.952,STOPPED,7.722531,-2.89,2026-09-28T18:53:51.518224+00:00
Donchian Breakout,INJ/USDT,20-period High,2026-09-19 10:00 AM PKT,7.037,STOPPED,7.564719,7.5,2026-09-28T18:53:51.524318+00:00
Donchian Breakout,INJ/USDT,20-period High,2026-09-20 03:00 AM PKT,8.2,STOPPED,7.564719,-7.75,2026-09-28T18:53:51.526579+00:00
Donchian Breakout,INJ/USDT,20-period High,2026-09-21 06:00 PM PKT,7.971,STOPPED,7.56075,-5.15,2026-09-28T18:53:51.529448+00:00
Donchian Breakout,INJ/USDT,20-period High,2026-09-24 08:00 PM PKT,8.495,STOPPED,7.9045,-6.95,2026-09-28T18:53:51.531601+00:00
CE Buy-Only,KII/USDT,Chandelier Cross,2026-09-12 11:00 AM PKT,0.07789,STOPPED,0.07777,-0.15,2026-09-28T18:53:52.162201+00:00
CE Buy-Only,KII/USDT,Chandelier Cross,2026-09-13 10:00 AM PKT,0.07248,STOPPED,0.071858,-0.86,2026-09-28T18:53:52.164031+00:00
CE Buy-Only,KII/USDT,Chandelier Cross,2026-09-16 06:00 PM PKT,0.07982,STOPPED,0.079233,-0.74,2026-09-28T18:53:52.165844+00:00
Pullback-in-Uptrend,KII/USDT,EMA20 Pullback,2026-09-16 03:00 AM PKT,0.083,STOPPED,0.080591,-2.9,2026-09-28T18:53:52.171523+00:00
Donchian Breakout,KII/USDT,20-period High,2026-09-15 02:00 PM PKT,0.08197,STOPPED,0.080591,-1.68,2026-09-28T18:53:52.177542+00:00
Union AB,LSK/USDT,Ichimoku+MS,2026-09-12 05:00 AM PKT,0.1615,TARGET,0.198556,22.94,2026-09-28T18:53:52.807345+00:00
Union AB Backup Tier,LSK/USDT,Ichimoku+MS,2026-09-12 05:00 AM PKT,0.1615,TARGET,0.198556,22.94,2026-09-28T18:53:52.808837+00:00
Union AB,LSK/USDT,EMA+Breakout,2026-09-12 05:00 AM PKT,0.1615,TARGET,0.20195,25.05,2026-09-28T18:53:52.812459+00:00
Union AB,LSK/USDT,EMA+Breakout,2026-09-13 04:00 AM PKT,0.3277,TARGET,0.557575,70.15,2026-09-28T18:53:52.814424+00:00
Union AB,LSK/USDT,EMA+Breakout,2026-09-16 09:00 PM PKT,0.8293,STOPPED,0.469675,-43.36,2026-09-28T18:53:52.816564+00:00
Union AB Backup Tier,LSK/USDT,EMA+Breakout,2026-09-12 05:00 AM PKT,0.1615,TARGET,0.20195,25.05,2026-09-28T18:53:52.818240+00:00
Union AB Backup Tier,LSK/USDT,EMA+Breakout,2026-09-13 04:00 AM PKT,0.3277,TARGET,0.557575,70.15,2026-09-28T18:53:52.819609+00:00
Union AB Backup Tier,LSK/USDT,EMA+Breakout,2026-09-16 09:00 PM PKT,0.8293,STOPPED,0.469675,-43.36,2026-09-28T18:53:52.821191+00:00
CE Buy-Only,LSK/USDT,Chandelier Cross,2026-09-13 11:00 AM PKT,0.9039,STOPPED,0.869141,-3.85,2026-09-28T18:53:52.845076+00:00
CE Buy-Only,LSK/USDT,Chandelier Cross,2026-09-15 03:00 AM PKT,0.389,STOPPED,0.3832,-1.49,2026-09-28T18:53:52.847216+00:00
CE Buy-Only,LSK/USDT,Chandelier Cross,2026-09-19 06:00 AM PKT,0.4318,STOPPED,0.4247,-1.64,2026-09-28T18:53:52.849347+00:00
CE Buy-Only,LSK/USDT,Chandelier Cross,2026-09-20 08:00 PM PKT,0.4832,STOPPED,0.406468,-15.88,2026-09-28T18:53:52.851420+00:00
CE Buy-Only,LSK/USDT,Chandelier Cross,2026-09-22 04:00 AM PKT,0.3643,STOPPED,0.3635,-0.22,2026-09-28T18:53:52.853494+00:00
CE Buy-Only,LSK/USDT,Chandelier Cross,2026-09-25 04:00 PM PKT,0.3473,STOPPED,0.342432,-1.4,2026-09-28T18:53:52.855622+00:00
CE Buy-Only,LSK/USDT,Chandelier Cross,2026-09-27 08:00 AM PKT,0.3365,STOPPED,0.3341,-0.71,2026-09-28T18:53:52.857705+00:00
Pullback-in-Uptrend,LSK/USDT,EMA20 Pullback,2026-09-14 06:00 AM PKT,0.8818,STOPPED,0.656175,-25.59,2026-09-28T18:53:52.863312+00:00
Pullback-in-Uptrend,LSK/USDT,EMA20 Pullback,2026-09-19 02:00 PM PKT,0.449,STOPPED,0.412734,-8.08,2026-09-28T18:53:52.864962+00:00
Pullback-in-Uptrend,LSK/USDT,EMA20 Pullback,2026-09-20 08:00 PM PKT,0.4832,STOPPED,0.465162,-3.73,2026-09-28T18:53:52.866513+00:00
Pullback-in-Uptrend,LSK/USDT,EMA20 Pullback,2026-09-24 08:00 PM PKT,0.3897,STOPPED,0.367728,-5.64,2026-09-28T18:53:52.868199+00:00
Donchian Breakout,LSK/USDT,20-period High,2026-09-12 05:00 AM PKT,0.1615,STOPPED,1.1708,624.95,2026-09-28T18:53:52.873116+00:00
Donchian Breakout,LSK/USDT,20-period High,2026-09-13 03:00 AM PKT,0.294,STOPPED,1.1708,298.23,2026-09-28T18:53:52.874702+00:00
Donchian Breakout,LSK/USDT,20-period High,2026-09-16 08:00 AM PKT,0.5001,STOPPED,0.476075,-4.8,2026-09-28T18:53:52.876670+00:00
Donchian Breakout,LSK/USDT,20-period High,2026-09-24 02:00 AM PKT,0.3409,STOPPED,0.367728,7.87,2026-09-28T18:53:52.878909+00:00
Donchian Breakout,LSK/USDT,20-period High,2026-09-25 01:00 AM PKT,0.455,STOPPED,0.367728,-19.18,2026-09-28T18:53:52.880461+00:00
CE Buy-Only,TEA/USDT,Chandelier Cross,2026-09-11 06:00 PM PKT,3.9e-05,STOPPED,3.9e-05,0.0,2026-09-28T18:53:53.539703+00:00
CE Buy-Only,TEA/USDT,Chandelier Cross,2026-09-12 12:00 PM PKT,4.1e-05,STOPPED,4.1e-05,0.0,2026-09-28T18:53:53.541798+00:00
CE Buy-Only,TEA/USDT,Chandelier Cross,2026-09-13 02:00 PM PKT,4.1e-05,STOPPED,4.1e-05,0.0,2026-09-28T18:53:53.543883+00:00
CE Buy-Only,TEA/USDT,Chandelier Cross,2026-09-17 02:00 AM PKT,4.2e-05,STOPPED,4.1e-05,-2.38,2026-09-28T18:53:53.545965+00:00
CE Buy-Only,TEA/USDT,Chandelier Cross,2026-09-22 07:00 AM PKT,4.2e-05,STOPPED,4.3e-05,2.38,2026-09-28T18:53:53.548050+00:00
CE Buy-Only,FARTCOIN/USDT,Chandelier Cross,2026-09-10 09:00 AM PKT,0.1453,STOPPED,0.144718,-0.4,2026-09-28T18:53:54.234438+00:00
CE Buy-Only,FARTCOIN/USDT,Chandelier Cross,2026-09-15 12:00 PM PKT,0.1411,STOPPED,0.140745,-0.25,2026-09-28T18:53:54.236618+00:00
CE Buy-Only,FARTCOIN/USDT,Chandelier Cross,2026-09-23 10:00 PM PKT,0.1838,STOPPED,0.1819,-1.03,2026-09-28T18:53:54.238723+00:00
CE Buy-Only,FARTCOIN/USDT,Chandelier Cross,2026-09-28 05:00 PM PKT,0.1751,STOPPED,0.172,-1.77,2026-09-28T18:53:54.240828+00:00
Union AB,POL/USDT,EMA+Breakout,2026-09-25 05:00 PM PKT,0.1134,STOPPED,0.118612,4.6,2026-09-28T18:53:54.942589+00:00
Union AB Backup Tier,POL/USDT,EMA+Breakout,2026-09-25 05:00 PM PKT,0.1134,STOPPED,0.118612,4.6,2026-09-28T18:53:54.946347+00:00
CE Buy-Only,POL/USDT,Chandelier Cross,2026-09-16 08:00 AM PKT,0.0919,STOPPED,0.091877,-0.03,2026-09-28T18:53:54.971778+00:00
CE Buy-Only,POL/USDT,Chandelier Cross,2026-09-24 02:00 AM PKT,0.101,STOPPED,0.100664,-0.33,2026-09-28T18:53:54.973857+00:00
Pullback-in-Uptrend,POL/USDT,EMA20 Pullback,2026-09-25 08:00 AM PKT,0.1085,STOPPED,0.118884,9.57,2026-09-28T18:53:54.983542+00:00
Pullback-in-Uptrend,POL/USDT,EMA20 Pullback,2026-09-26 08:00 PM PKT,0.12,STOPPED,0.118884,-0.93,2026-09-28T18:53:54.985951+00:00
Pullback-in-Uptrend,POL/USDT,EMA20 Pullback,2026-09-27 12:00 PM PKT,0.1213,STOPPED,0.118884,-1.99,2026-09-28T18:53:54.987784+00:00
Pullback-in-Uptrend,POL/USDT,EMA20 Pullback,2026-09-28 04:00 AM PKT,0.122,STOPPED,0.118547,-2.83,2026-09-28T18:53:54.989138+00:00
Donchian Breakout,POL/USDT,20-period High,2026-09-25 04:00 PM PKT,0.1114,STOPPED,0.118884,6.72,2026-09-28T18:53:54.996341+00:00
Donchian Breakout,POL/USDT,20-period High,2026-09-26 08:00 AM PKT,0.1193,STOPPED,0.118884,-0.35,2026-09-28T18:53:54.999164+00:00
Donchian Breakout,POL/USDT,20-period High,2026-09-27 12:00 PM PKT,0.1213,STOPPED,0.118884,-1.99,2026-09-28T18:53:55.001012+00:00
NEW AdvancedConfluence,FIL/USDT,CHoCH,2026-09-13 05:00 PM PKT,0.8367,TARGET,0.88275,5.5,2026-09-28T18:53:55.691590+00:00
NEW AdvancedConfluence,FIL/USDT,CHoCH,2026-09-19 09:00 PM PKT,1.0722,STOPPED,1.034869,-3.48,2026-09-28T18:53:55.692811+00:00
NEW AdvancedConfluence,FIL/USDT,CHoCH,2026-09-26 11:00 AM PKT,1.0811,TARGET,1.161737,7.46,2026-09-28T18:53:55.694150+00:00
CE Buy-Only,FIL/USDT,Chandelier Cross,2026-09-15 07:00 AM PKT,0.8997,STOPPED,0.894927,-0.53,2026-09-28T18:53:55.698910+00:00
CE Buy-Only,FIL/USDT,Chandelier Cross,2026-09-16 03:00 AM PKT,0.8138,STOPPED,0.813632,-0.02,2026-09-28T18:53:55.701052+00:00
CE Buy-Only,FIL/USDT,Chandelier Cross,2026-09-20 11:00 AM PKT,0.9492,STOPPED,0.9543,0.54,2026-09-28T18:53:55.703182+00:00
CE Buy-Only,FIL/USDT,Chandelier Cross,2026-09-23 09:00 PM PKT,0.9409,STOPPED,0.931645,-0.98,2026-09-28T18:53:55.705256+00:00
CE Buy-Only,FIL/USDT,Chandelier Cross,2026-09-28 04:00 PM PKT,1.0484,STOPPED,1.0671,1.78,2026-09-28T18:53:55.707334+00:00
CE Buy-Only,ATOM/USDT,Chandelier Cross,2026-09-12 06:00 AM PKT,1.6481,STOPPED,1.643632,-0.27,2026-09-28T18:53:56.639863+00:00
NEW AdvancedConfluence,RENDER/USDT,CHoCH,2026-09-17 09:00 PM PKT,1.42,TARGET,1.498875,5.55,2026-09-28T18:53:57.305459+00:00
NEW AdvancedConfluence,RENDER/USDT,CHoCH,2026-09-25 02:00 PM PKT,1.975,STOPPED,1.964438,-0.53,2026-09-28T18:53:57.307601+00:00
CE Buy-Only,BDX/USDT,Chandelier Cross,2026-09-09 12:00 PM PKT,0.07526,STOPPED,0.07551,0.33,2026-09-28T18:53:58.141429+00:00
NEW AdvancedConfluence,XPL/USDT,CHoCH,2026-09-18 05:00 AM PKT,0.0882,STOPPED,0.090331,2.42,2026-09-28T18:53:58.795722+00:00
CE Buy-Only,XPL/USDT,Chandelier Cross,2026-09-10 09:00 AM PKT,0.0882,STOPPED,0.087705,-0.56,2026-09-28T18:53:58.801163+00:00
CE Buy-Only,XPL/USDT,Chandelier Cross,2026-09-13 03:00 AM PKT,0.0798,STOPPED,0.079764,-0.05,2026-09-28T18:53:58.803259+00:00
CE Buy-Only,XPL/USDT,Chandelier Cross,2026-09-19 11:00 AM PKT,0.0895,STOPPED,0.0902,0.78,2026-09-28T18:53:58.805364+00:00
CE Buy-Only,DATA/USDT,Chandelier Cross,2026-09-15 04:00 PM PKT,0.1862,STOPPED,0.185691,-0.27,2026-09-28T18:53:59.499751+00:00
CE Buy-Only,DATA/USDT,Chandelier Cross,2026-09-20 08:00 AM PKT,0.1924,STOPPED,0.191214,-0.62,2026-09-28T18:53:59.501826+00:00
CE Buy-Only,DATA/USDT,Chandelier Cross,2026-09-23 05:00 PM PKT,0.2256,STOPPED,0.2253,-0.13,2026-09-28T18:53:59.503952+00:00
CE Buy-Only,DATA/USDT,Chandelier Cross,2026-09-24 07:00 PM PKT,0.2147,STOPPED,0.2182,1.63,2026-09-28T18:53:59.506134+00:00
CE Buy-Only,DATA/USDT,Chandelier Cross,2026-09-28 05:00 PM PKT,0.2213,STOPPED,0.2191,-0.99,2026-09-28T18:53:59.508247+00:00
CE Buy-Only,ILY/USDT,Chandelier Cross,2026-09-11 03:00 AM PKT,0.3428,STOPPED,0.3422,-0.18,2026-09-28T18:54:00.159945+00:00
Union AB,VVV/USDT,EMA+Breakout,2026-09-08 07:00 PM PKT,22.964,TARGET,27.33125,19.02,2026-09-28T18:54:00.812024+00:00
Union AB,VVV/USDT,EMA+Breakout,2026-09-16 11:00 PM PKT,23.349,TARGET,27.42325,17.45,2026-09-28T18:54:00.815150+00:00
Union AB,VVV/USDT,EMA+Breakout,2026-09-18 12:00 PM PKT,26.818,STOPPED,26.26775,-2.05,2026-09-28T18:54:00.818238+00:00
Union AB Backup Tier,VVV/USDT,EMA+Breakout,2026-09-08 07:00 PM PKT,22.964,TARGET,27.33125,19.02,2026-09-28T18:54:00.820165+00:00
Union AB Backup Tier,VVV/USDT,EMA+Breakout,2026-09-16 11:00 PM PKT,23.349,TARGET,27.42325,17.45,2026-09-28T18:54:00.822579+00:00
Union AB Backup Tier,VVV/USDT,EMA+Breakout,2026-09-18 12:00 PM PKT,26.818,STOPPED,26.26775,-2.05,2026-09-28T18:54:00.825055+00:00
CE Buy-Only,VVV/USDT,Chandelier Cross,2026-09-12 06:00 AM PKT,23.507,STOPPED,23.4975,-0.04,2026-09-28T18:54:00.849691+00:00
CE Buy-Only,VVV/USDT,Chandelier Cross,2026-09-13 02:00 PM PKT,22.908,STOPPED,22.732,-0.77,2026-09-28T18:54:00.851808+00:00
CE Buy-Only,VVV/USDT,Chandelier Cross,2026-09-20 06:00 AM PKT,26.803,STOPPED,25.914318,-3.32,2026-09-28T18:54:00.853871+00:00
CE Buy-Only,VVV/USDT,Chandelier Cross,2026-09-26 03:00 AM PKT,30.368,STOPPED,30.306,-0.2,2026-09-28T18:54:00.855957+00:00
Pullback-in-Uptrend,VVV/USDT,EMA20 Pullback,2026-09-08 03:00 PM PKT,18.234,STOPPED,22.784312,24.96,2026-09-28T18:54:00.861621+00:00
Pullback-in-Uptrend,VVV/USDT,EMA20 Pullback,2026-09-09 07:00 PM PKT,25.852,STOPPED,22.473813,-13.07,2026-09-28T18:54:00.863236+00:00
Pullback-in-Uptrend,VVV/USDT,EMA20 Pullback,2026-09-10 01:00 PM PKT,24.234,STOPPED,23.672,-2.32,2026-09-28T18:54:00.865736+00:00
Pullback-in-Uptrend,VVV/USDT,EMA20 Pullback,2026-09-11 05:00 AM PKT,24.255,STOPPED,23.672,-2.4,2026-09-28T18:54:00.867763+00:00
Pullback-in-Uptrend,VVV/USDT,EMA20 Pullback,2026-09-13 01:00 AM PKT,23.939,STOPPED,23.006656,-3.89,2026-09-28T18:54:00.869482+00:00
Pullback-in-Uptrend,VVV/USDT,EMA20 Pullback,2026-09-14 03:00 PM PKT,23.019,STOPPED,21.495062,-6.62,2026-09-28T18:54:00.871720+00:00
Pullback-in-Uptrend,VVV/USDT,EMA20 Pullback,2026-09-16 01:00 PM PKT,22.307,STOPPED,26.339938,18.08,2026-09-28T18:54:00.875584+00:00
Pullback-in-Uptrend,VVV/USDT,EMA20 Pullback,2026-09-17 06:00 PM PKT,25.042,STOPPED,26.339938,5.18,2026-09-28T18:54:00.878617+00:00
Pullback-in-Uptrend,VVV/USDT,EMA20 Pullback,2026-09-18 10:00 AM PKT,25.097,STOPPED,26.339938,4.95,2026-09-28T18:54:00.881146+00:00
Pullback-in-Uptrend,VVV/USDT,EMA20 Pullback,2026-09-19 10:00 AM PKT,28.019,STOPPED,26.339938,-5.99,2026-09-28T18:54:00.882971+00:00
Pullback-in-Uptrend,VVV/USDT,EMA20 Pullback,2026-09-20 12:00 PM PKT,27.583,STOPPED,30.306625,9.87,2026-09-28T18:54:00.886694+00:00
Pullback-in-Uptrend,VVV/USDT,EMA20 Pullback,2026-09-22 02:00 AM PKT,32.492,STOPPED,30.306625,-6.73,2026-09-28T18:54:00.889304+00:00
Pullback-in-Uptrend,VVV/USDT,EMA20 Pullback,2026-09-23 02:00 AM PKT,32.07,STOPPED,30.306625,-5.5,2026-09-28T18:54:00.891214+00:00
Pullback-in-Uptrend,VVV/USDT,EMA20 Pullback,2026-09-24 12:00 PM PKT,31.253,STOPPED,28.840937,-7.72,2026-09-28T18:54:00.892667+00:00
Pullback-in-Uptrend,VVV/USDT,EMA20 Pullback,2026-09-25 04:00 AM PKT,31.035,STOPPED,30.070969,-3.11,2026-09-28T18:54:00.894655+00:00
Pullback-in-Uptrend,VVV/USDT,EMA20 Pullback,2026-09-27 12:00 PM PKT,30.656,STOPPED,29.605406,-3.43,2026-09-28T18:54:00.896307+00:00
Donchian Breakout,VVV/USDT,20-period High,2026-09-08 05:00 PM PKT,19.2,STOPPED,22.784312,18.67,2026-09-28T18:54:00.900978+00:00
Donchian Breakout,VVV/USDT,20-period High,2026-09-09 12:00 PM PKT,27.758,STOPPED,22.784312,-17.92,2026-09-28T18:54:00.902813+00:00
Donchian Breakout,VVV/USDT,20-period High,2026-09-10 10:00 PM PKT,24.99,STOPPED,23.672,-5.27,2026-09-28T18:54:00.905031+00:00
Donchian Breakout,VVV/USDT,20-period High,2026-09-11 06:00 PM PKT,26.84,STOPPED,23.672,-11.8,2026-09-28T18:54:00.906680+00:00
Donchian Breakout,VVV/USDT,20-period High,2026-09-13 01:00 AM PKT,23.939,STOPPED,23.006656,-3.89,2026-09-28T18:54:00.908441+00:00
Donchian Breakout,VVV/USDT,20-period High,2026-09-14 12:00 PM PKT,23.225,STOPPED,21.574375,-7.11,2026-09-28T18:54:00.910551+00:00
Donchian Breakout,VVV/USDT,20-period High,2026-09-16 04:00 PM PKT,23.182,STOPPED,26.339938,13.62,2026-09-28T18:54:00.914335+00:00
Donchian Breakout,VVV/USDT,20-period High,2026-09-17 09:00 AM PKT,25.132,STOPPED,26.339938,4.81,2026-09-28T18:54:00.917586+00:00
Donchian Breakout,VVV/USDT,20-period High,2026-09-18 04:00 AM PKT,25.747,STOPPED,26.339938,2.3,2026-09-28T18:54:00.920273+00:00
Donchian Breakout,VVV/USDT,20-period High,2026-09-19 07:00 AM PKT,28.852,STOPPED,26.339938,-8.71,2026-09-28T18:54:00.922214+00:00
Donchian Breakout,VVV/USDT,20-period High,2026-09-21 07:00 AM PKT,32.925,STOPPED,30.306625,-7.95,2026-09-28T18:54:00.925420+00:00
Donchian Breakout,VVV/USDT,20-period High,2026-09-25 02:00 PM PKT,32.127,STOPPED,30.070969,-6.4,2026-09-28T18:54:00.927137+00:00
Donchian Breakout,VVV/USDT,20-period High,2026-09-27 12:00 PM PKT,30.656,STOPPED,29.605406,-3.43,2026-09-28T18:54:00.928794+00:00
CE Buy-Only,SWARM/USDT,Chandelier Cross,2026-09-09 07:00 PM PKT,0.13378,STOPPED,0.13375,-0.02,2026-09-28T18:54:01.364287+00:00
CE Buy-Only,SWARM/USDT,Chandelier Cross,2026-09-13 06:00 PM PKT,0.15402,STOPPED,0.15394,-0.05,2026-09-28T18:54:01.366117+00:00
CE Buy-Only,SWARM/USDT,Chandelier Cross,2026-09-15 01:00 PM PKT,0.15373,STOPPED,0.15347,-0.17,2026-09-28T18:54:01.367946+00:00
CE Buy-Only,SWARM/USDT,Chandelier Cross,2026-09-16 05:00 AM PKT,0.13147,STOPPED,0.13129,-0.14,2026-09-28T18:54:01.369783+00:00
CE Buy-Only,SWARM/USDT,Chandelier Cross,2026-09-18 09:00 AM PKT,0.12806,STOPPED,0.12782,-0.19,2026-09-28T18:54:01.371574+00:00
CE Buy-Only,SWARM/USDT,Chandelier Cross,2026-09-19 01:00 AM PKT,0.12005,STOPPED,0.12,-0.04,2026-09-28T18:54:01.373392+00:00
CE Buy-Only,SWARM/USDT,Chandelier Cross,2026-09-20 05:00 PM PKT,0.1154,STOPPED,0.11524,-0.14,2026-09-28T18:54:01.375195+00:00
CE Buy-Only,SWARM/USDT,Chandelier Cross,2026-09-21 10:00 AM PKT,0.10827,STOPPED,0.107871,-0.37,2026-09-28T18:54:01.376973+00:00
CE Buy-Only,SWARM/USDT,Chandelier Cross,2026-09-22 08:00 AM PKT,0.10313,STOPPED,0.10275,-0.37,2026-09-28T18:54:01.378768+00:00
CE Buy-Only,SWARM/USDT,Chandelier Cross,2026-09-23 07:00 AM PKT,0.10077,STOPPED,0.09887,-1.89,2026-09-28T18:54:01.380586+00:00
CE Buy-Only,SWARM/USDT,Chandelier Cross,2026-09-28 06:00 PM PKT,0.14116,STOPPED,0.140576,-0.41,2026-09-28T18:54:01.382388+00:00
Pullback-in-Uptrend,SWARM/USDT,EMA20 Pullback,2026-09-10 10:00 AM PKT,0.15876,STOPPED,0.191409,20.57,2026-09-28T18:54:01.388619+00:00
Donchian Breakout,SWARM/USDT,20-period High,2026-09-10 10:00 AM PKT,0.15876,STOPPED,0.191409,20.57,2026-09-28T18:54:01.394509+00:00
CE Buy-Only,CHEQ/USDT,Chandelier Cross,2026-09-10 05:00 AM PKT,0.001003,STOPPED,0.001,-0.3,2026-09-28T18:54:02.048746+00:00
CE Buy-Only,CHEQ/USDT,Chandelier Cross,2026-09-16 06:00 AM PKT,0.001024,STOPPED,0.001018,-0.59,2026-09-28T18:54:02.050893+00:00
CE Buy-Only,CHEQ/USDT,Chandelier Cross,2026-09-21 04:00 AM PKT,0.000994,STOPPED,0.000998,0.4,2026-09-28T18:54:02.053266+00:00
CE Buy-Only,CHEQ/USDT,Chandelier Cross,2026-09-22 03:00 AM PKT,0.000998,STOPPED,0.000996,-0.2,2026-09-28T18:54:02.055379+00:00
CE Buy-Only,CHEQ/USDT,Chandelier Cross,2026-09-23 04:00 AM PKT,0.00099,STOPPED,0.000984,-0.61,2026-09-28T18:54:02.057466+00:00
CE Buy-Only,CHEQ/USDT,Chandelier Cross,2026-09-28 12:00 PM PKT,0.003926,STOPPED,0.005974,52.17,2026-09-28T18:54:02.059563+00:00
Union AB,COTI/USDT,Ichimoku+MS,2026-09-17 07:00 PM PKT,0.01996,TARGET,0.023625,18.36,2026-09-28T18:54:02.718591+00:00
Union AB Backup Tier,COTI/USDT,Ichimoku+MS,2026-09-17 07:00 PM PKT,0.01996,TARGET,0.023625,18.36,2026-09-28T18:54:02.720179+00:00
Union AB,COTI/USDT,EMA+Breakout,2026-09-09 06:00 PM PKT,0.01924,STOPPED,0.018063,-6.12,2026-09-28T18:54:02.723905+00:00
Union AB,COTI/USDT,EMA+Breakout,2026-09-17 10:00 PM PKT,0.02071,STOPPED,0.021075,1.76,2026-09-28T18:54:02.726467+00:00
Union AB Backup Tier,COTI/USDT,EMA+Breakout,2026-09-09 06:00 PM PKT,0.01924,STOPPED,0.018063,-6.12,2026-09-28T18:54:02.728223+00:00
Union AB Backup Tier,COTI/USDT,EMA+Breakout,2026-09-17 10:00 PM PKT,0.02071,STOPPED,0.021075,1.76,2026-09-28T18:54:02.730147+00:00
NEW AdvancedConfluence,COTI/USDT,CHoCH,2026-09-09 04:00 PM PKT,0.01831,TARGET,0.020284,10.78,2026-09-28T18:54:02.752137+00:00
NEW AdvancedConfluence,COTI/USDT,CHoCH,2026-09-16 10:00 PM PKT,0.01859,STOPPED,0.017878,-3.83,2026-09-28T18:54:02.753288+00:00
CE Buy-Only,COTI/USDT,Chandelier Cross,2026-09-13 05:00 PM PKT,0.01644,STOPPED,0.01643,-0.06,2026-09-28T18:54:02.757848+00:00
CE Buy-Only,COTI/USDT,Chandelier Cross,2026-09-18 10:00 PM PKT,0.02092,STOPPED,0.02048,-2.1,2026-09-28T18:54:02.759956+00:00
CE Buy-Only,COTI/USDT,Chandelier Cross,2026-09-22 08:00 AM PKT,0.01462,STOPPED,0.014487,-0.91,2026-09-28T18:54:02.762050+00:00
CE Buy-Only,COTI/USDT,Chandelier Cross,2026-09-28 11:00 AM PKT,0.01359,STOPPED,0.013521,-0.51,2026-09-28T18:54:02.764116+00:00
Pullback-in-Uptrend,COTI/USDT,EMA20 Pullback,2026-09-08 12:00 PM PKT,0.0171,STOPPED,0.01868,9.24,2026-09-28T18:54:02.769928+00:00
Pullback-in-Uptrend,COTI/USDT,EMA20 Pullback,2026-09-09 04:00 AM PKT,0.01769,STOPPED,0.01868,5.6,2026-09-28T18:54:02.772135+00:00
Pullback-in-Uptrend,COTI/USDT,EMA20 Pullback,2026-09-10 07:00 PM PKT,0.01932,STOPPED,0.017201,-10.97,2026-09-28T18:54:02.774557+00:00
Pullback-in-Uptrend,COTI/USDT,EMA20 Pullback,2026-09-11 09:00 PM PKT,0.01859,STOPPED,0.01681,-9.58,2026-09-28T18:54:02.776339+00:00
Pullback-in-Uptrend,COTI/USDT,EMA20 Pullback,2026-09-13 04:00 AM PKT,0.01741,STOPPED,0.016592,-4.7,2026-09-28T18:54:02.777934+00:00
Pullback-in-Uptrend,COTI/USDT,EMA20 Pullback,2026-09-14 11:00 PM PKT,0.01681,STOPPED,0.01634,-2.8,2026-09-28T18:54:02.780027+00:00
Pullback-in-Uptrend,COTI/USDT,EMA20 Pullback,2026-09-15 05:00 PM PKT,0.01713,STOPPED,0.016214,-5.35,2026-09-28T18:54:02.781605+00:00
Pullback-in-Uptrend,COTI/USDT,EMA20 Pullback,2026-09-16 04:00 PM PKT,0.01675,STOPPED,0.017326,3.44,2026-09-28T18:54:02.783191+00:00
Pullback-in-Uptrend,COTI/USDT,EMA20 Pullback,2026-09-18 10:00 AM PKT,0.02295,STOPPED,0.02116,-7.8,2026-09-28T18:54:02.784816+00:00
Donchian Breakout,COTI/USDT,20-period High,2026-09-08 01:00 PM PKT,0.01749,STOPPED,0.01868,6.8,2026-09-28T18:54:02.789622+00:00
Donchian Breakout,COTI/USDT,20-period High,2026-09-09 04:00 PM PKT,0.01831,STOPPED,0.01868,2.02,2026-09-28T18:54:02.791367+00:00
Donchian Breakout,COTI/USDT,20-period High,2026-09-14 05:00 PM PKT,0.01658,STOPPED,0.01634,-1.45,2026-09-28T18:54:02.793660+00:00
Donchian Breakout,COTI/USDT,20-period High,2026-09-15 11:00 AM PKT,0.01726,STOPPED,0.01634,-5.33,2026-09-28T18:54:02.795426+00:00
Donchian Breakout,COTI/USDT,20-period High,2026-09-16 08:00 PM PKT,0.01708,STOPPED,0.017326,1.44,2026-09-28T18:54:02.796899+00:00
Donchian Breakout,COTI/USDT,20-period High,2026-09-17 07:00 PM PKT,0.01996,STOPPED,0.021431,7.37,2026-09-28T18:54:02.798870+00:00
CE Buy-Only,AEON/USDT,Chandelier Cross,2026-09-09 07:00 PM PKT,0.0554,STOPPED,0.05656,2.09,2026-09-28T18:54:03.422580+00:00
CE Buy-Only,AEON/USDT,Chandelier Cross,2026-09-13 07:00 AM PKT,0.04798,STOPPED,0.04757,-0.85,2026-09-28T18:54:03.424570+00:00
CE Buy-Only,AEON/USDT,Chandelier Cross,2026-09-24 04:00 PM PKT,0.05597,STOPPED,0.05685,1.57,2026-09-28T18:54:03.426573+00:00
Union AB,AKE/USDT,Ichimoku+MS,2026-09-15 08:00 AM PKT,0.016489,TARGET,0.018116,9.87,2026-09-28T18:54:04.064409+00:00
Union AB Backup Tier,AKE/USDT,Ichimoku+MS,2026-09-15 08:00 AM PKT,0.016489,TARGET,0.018116,9.87,2026-09-28T18:54:04.065920+00:00
CE Buy-Only,AKE/USDT,Chandelier Cross,2026-09-09 08:00 AM PKT,0.015443,STOPPED,0.015362,-0.52,2026-09-28T18:54:04.090158+00:00
CE Buy-Only,AKE/USDT,Chandelier Cross,2026-09-11 10:00 AM PKT,0.014424,STOPPED,0.014081,-2.38,2026-09-28T18:54:04.092291+00:00
CE Buy-Only,AKE/USDT,Chandelier Cross,2026-09-13 11:00 AM PKT,0.013939,STOPPED,0.014517,4.15,2026-09-28T18:54:04.094532+00:00
CE Buy-Only,AKE/USDT,Chandelier Cross,2026-09-16 10:00 PM PKT,0.01966,STOPPED,0.02015,2.49,2026-09-28T18:54:04.096731+00:00
CE Buy-Only,AKE/USDT,Chandelier Cross,2026-09-21 02:00 AM PKT,0.061333,STOPPED,0.058651,-4.37,2026-09-28T18:54:04.098874+00:00
CE Buy-Only,AKE/USDT,Chandelier Cross,2026-09-24 11:00 AM PKT,0.04044,STOPPED,0.040129,-0.77,2026-09-28T18:54:04.100984+00:00
CE Buy-Only,AKE/USDT,Chandelier Cross,2026-09-25 08:00 AM PKT,0.0389,STOPPED,0.037969,-2.39,2026-09-28T18:54:04.103079+00:00
Pullback-in-Uptrend,AKE/USDT,EMA20 Pullback,2026-09-08 06:00 AM PKT,0.016349,STOPPED,0.016935,3.58,2026-09-28T18:54:04.108204+00:00
Pullback-in-Uptrend,AKE/USDT,EMA20 Pullback,2026-09-10 07:00 AM PKT,0.015818,STOPPED,0.014925,-5.65,2026-09-28T18:54:04.110332+00:00
Pullback-in-Uptrend,AKE/USDT,EMA20 Pullback,2026-09-12 11:00 AM PKT,0.015113,STOPPED,0.014534,-3.83,2026-09-28T18:54:04.112394+00:00
Pullback-in-Uptrend,AKE/USDT,EMA20 Pullback,2026-09-13 07:00 AM PKT,0.016455,STOPPED,0.014495,-11.91,2026-09-28T18:54:04.113865+00:00
Pullback-in-Uptrend,AKE/USDT,EMA20 Pullback,2026-09-13 11:00 PM PKT,0.015507,STOPPED,0.015202,-1.97,2026-09-28T18:54:04.115753+00:00
Pullback-in-Uptrend,AKE/USDT,EMA20 Pullback,2026-09-14 06:00 PM PKT,0.015406,STOPPED,0.021834,41.72,2026-09-28T18:54:04.118725+00:00
Pullback-in-Uptrend,AKE/USDT,EMA20 Pullback,2026-09-16 11:00 AM PKT,0.028748,STOPPED,0.021834,-24.05,2026-09-28T18:54:04.120424+00:00
Pullback-in-Uptrend,AKE/USDT,EMA20 Pullback,2026-09-18 08:00 AM PKT,0.021602,STOPPED,0.059569,175.76,2026-09-28T18:54:04.123178+00:00
Pullback-in-Uptrend,AKE/USDT,EMA20 Pullback,2026-09-19 10:00 PM PKT,0.06246,STOPPED,0.059569,-4.63,2026-09-28T18:54:04.124831+00:00
Pullback-in-Uptrend,AKE/USDT,EMA20 Pullback,2026-09-21 07:00 PM PKT,0.055345,STOPPED,0.04847,-12.42,2026-09-28T18:54:04.127255+00:00
Donchian Breakout,AKE/USDT,20-period High,2026-09-12 11:00 AM PKT,0.015113,STOPPED,0.014534,-3.83,2026-09-28T18:54:04.132416+00:00
Donchian Breakout,AKE/USDT,20-period High,2026-09-15 11:00 AM PKT,0.018923,STOPPED,0.021834,15.38,2026-09-28T18:54:04.134812+00:00
Donchian Breakout,AKE/USDT,20-period High,2026-09-18 11:00 AM PKT,0.022971,STOPPED,0.059569,159.32,2026-09-28T18:54:04.137565+00:00
Donchian Breakout,AKE/USDT,20-period High,2026-09-19 09:00 AM PKT,0.048205,STOPPED,0.059569,23.57,2026-09-28T18:54:04.139609+00:00
Donchian Breakout,AKE/USDT,20-period High,2026-09-20 02:00 PM PKT,0.095527,STOPPED,0.085367,-10.64,2026-09-28T18:54:04.141039+00:00
Union AB,RUNE/USDT,EMA+Breakout,2026-09-20 08:00 PM PKT,0.5589,TARGET,0.589725,5.52,2026-09-28T18:54:04.829809+00:00
Union AB,RUNE/USDT,EMA+Breakout,2026-09-22 12:00 AM PKT,0.6375,STOPPED,0.633212,-0.67,2026-09-28T18:54:04.832855+00:00
Union AB,RUNE/USDT,EMA+Breakout,2026-09-25 04:00 PM PKT,0.6484,TARGET,0.697575,7.58,2026-09-28T18:54:04.835492+00:00
Union AB,RUNE/USDT,EMA+Breakout,2026-09-26 08:00 AM PKT,0.6664,TARGET,0.7288,9.36,2026-09-28T18:54:04.837708+00:00
Union AB Backup Tier,RUNE/USDT,EMA+Breakout,2026-09-20 08:00 PM PKT,0.5589,TARGET,0.589725,5.52,2026-09-28T18:54:04.841610+00:00
Union AB Backup Tier,RUNE/USDT,EMA+Breakout,2026-09-22 12:00 AM PKT,0.6375,STOPPED,0.633212,-0.67,2026-09-28T18:54:04.844014+00:00
Union AB Backup Tier,RUNE/USDT,EMA+Breakout,2026-09-25 04:00 PM PKT,0.6484,TARGET,0.697575,7.58,2026-09-28T18:54:04.845950+00:00
Union AB Backup Tier,RUNE/USDT,EMA+Breakout,2026-09-26 08:00 AM PKT,0.6664,TARGET,0.7288,9.36,2026-09-28T18:54:04.847518+00:00
CE Buy-Only,RUNE/USDT,Chandelier Cross,2026-09-10 01:00 AM PKT,0.48,STOPPED,0.4758,-0.87,2026-09-28T18:54:04.873394+00:00
CE Buy-Only,RUNE/USDT,Chandelier Cross,2026-09-13 04:00 PM PKT,0.5035,STOPPED,0.5022,-0.26,2026-09-28T18:54:04.875479+00:00
CE Buy-Only,RUNE/USDT,Chandelier Cross,2026-09-15 12:00 PM PKT,0.5082,STOPPED,0.508164,-0.01,2026-09-28T18:54:04.877518+00:00
CE Buy-Only,RUNE/USDT,Chandelier Cross,2026-09-20 04:00 PM PKT,0.5413,STOPPED,0.5402,-0.2,2026-09-28T18:54:04.879564+00:00
CE Buy-Only,RUNE/USDT,Chandelier Cross,2026-09-24 06:00 AM PKT,0.6082,STOPPED,0.6162,1.32,2026-09-28T18:54:04.881915+00:00
Pullback-in-Uptrend,RUNE/USDT,EMA20 Pullback,2026-09-20 07:00 PM PKT,0.5459,STOPPED,0.633156,15.98,2026-09-28T18:54:04.890665+00:00
Pullback-in-Uptrend,RUNE/USDT,EMA20 Pullback,2026-09-22 07:00 AM PKT,0.6325,STOPPED,0.633156,0.1,2026-09-28T18:54:04.892982+00:00
Pullback-in-Uptrend,RUNE/USDT,EMA20 Pullback,2026-09-23 11:00 AM PKT,0.6425,STOPPED,0.633156,-1.45,2026-09-28T18:54:04.894464+00:00
Pullback-in-Uptrend,RUNE/USDT,EMA20 Pullback,2026-09-24 12:00 PM PKT,0.6262,STOPPED,0.7564,20.79,2026-09-28T18:54:04.898387+00:00
Pullback-in-Uptrend,RUNE/USDT,EMA20 Pullback,2026-09-25 04:00 AM PKT,0.6382,STOPPED,0.7564,18.52,2026-09-28T18:54:04.901803+00:00
Pullback-in-Uptrend,RUNE/USDT,EMA20 Pullback,2026-09-25 08:00 PM PKT,0.6419,STOPPED,0.7564,17.84,2026-09-28T18:54:04.904712+00:00
Donchian Breakout,RUNE/USDT,20-period High,2026-09-20 08:00 PM PKT,0.5589,STOPPED,0.633156,13.29,2026-09-28T18:54:04.913116+00:00
Donchian Breakout,RUNE/USDT,20-period High,2026-09-21 01:00 PM PKT,0.5847,STOPPED,0.633156,8.29,2026-09-28T18:54:04.915919+00:00
Donchian Breakout,RUNE/USDT,20-period High,2026-09-25 04:00 PM PKT,0.6484,STOPPED,0.7564,16.66,2026-09-28T18:54:04.918978+00:00
Donchian Breakout,RUNE/USDT,20-period High,2026-09-26 08:00 AM PKT,0.6664,STOPPED,0.7564,13.51,2026-09-28T18:54:04.921584+00:00
Donchian Breakout,RUNE/USDT,20-period High,2026-09-27 04:00 AM PKT,0.7733,STOPPED,0.7564,-2.19,2026-09-28T18:54:04.923587+00:00
CE Buy-Only,TAG/USDT,Chandelier Cross,2026-09-10 10:00 PM PKT,0.000602,STOPPED,0.0006,-0.33,2026-09-28T18:54:05.540948+00:00
Union AB,ONE/USDT,EMA+Breakout,2026-09-22 05:00 AM PKT,0.006296,STOPPED,0.004929,-21.71,2026-09-28T18:54:06.204380+00:00
Union AB Backup Tier,ONE/USDT,EMA+Breakout,2026-09-22 05:00 AM PKT,0.006296,STOPPED,0.004929,-21.71,2026-09-28T18:54:06.206905+00:00
NEW AdvancedConfluence,ONE/USDT,CHoCH,2026-09-27 07:00 PM PKT,0.002691,STOPPED,0.002534,-5.83,2026-09-28T18:54:06.229134+00:00
CE Buy-Only,ONE/USDT,Chandelier Cross,2026-09-09 09:00 PM PKT,0.000638,STOPPED,0.000633,-0.78,2026-09-28T18:54:06.233771+00:00
CE Buy-Only,ONE/USDT,Chandelier Cross,2026-09-24 01:00 PM PKT,0.002073,STOPPED,0.002015,-2.8,2026-09-28T18:54:06.235889+00:00
Pullback-in-Uptrend,ONE/USDT,EMA20 Pullback,2026-09-20 07:00 AM PKT,0.003816,STOPPED,0.003529,-7.52,2026-09-28T18:54:06.241648+00:00
Pullback-in-Uptrend,ONE/USDT,EMA20 Pullback,2026-09-21 01:00 AM PKT,0.004473,STOPPED,0.004982,11.38,2026-09-28T18:54:06.244827+00:00
Pullback-in-Uptrend,ONE/USDT,EMA20 Pullback,2026-09-22 12:00 AM PKT,0.005257,STOPPED,0.004982,-5.23,2026-09-28T18:54:06.247320+00:00
Donchian Breakout,ONE/USDT,20-period High,2026-09-19 06:00 AM PKT,0.002206,STOPPED,0.003529,59.97,2026-09-28T18:54:06.253588+00:00
Donchian Breakout,ONE/USDT,20-period High,2026-09-19 11:00 PM PKT,0.003764,STOPPED,0.003529,-6.24,2026-09-28T18:54:06.255281+00:00
Donchian Breakout,ONE/USDT,20-period High,2026-09-22 05:00 AM PKT,0.006296,STOPPED,0.004982,-20.87,2026-09-28T18:54:06.257572+00:00
CE Buy-Only,ANSEM/USDT,Chandelier Cross,2026-09-12 05:00 AM PKT,0.1479,STOPPED,0.142595,-3.59,2026-09-28T18:54:06.953483+00:00
CE Buy-Only,ANSEM/USDT,Chandelier Cross,2026-09-14 05:00 AM PKT,0.1346,STOPPED,0.1353,0.52,2026-09-28T18:54:06.955577+00:00
CE Buy-Only,ANSEM/USDT,Chandelier Cross,2026-09-20 04:00 AM PKT,0.1513,STOPPED,0.1461,-3.44,2026-09-28T18:54:06.957669+00:00
CE Buy-Only,SOON/USDT,Chandelier Cross,2026-09-10 08:00 PM PKT,0.1752,STOPPED,0.1731,-1.2,2026-09-28T18:54:07.627357+00:00
CE Buy-Only,SOON/USDT,Chandelier Cross,2026-09-13 03:00 PM PKT,0.1798,STOPPED,0.1801,0.17,2026-09-28T18:54:07.629489+00:00
CE Buy-Only,SOON/USDT,Chandelier Cross,2026-09-19 11:00 PM PKT,0.1897,STOPPED,0.191194,0.79,2026-09-28T18:54:07.631646+00:00
CE Buy-Only,SOON/USDT,Chandelier Cross,2026-09-23 09:00 PM PKT,0.1932,STOPPED,0.1941,0.47,2026-09-28T18:54:07.633848+00:00
Union AB,DEBIT/USDT,EMA+Breakout,2026-09-13 08:00 PM PKT,2.9976,TARGET,3.83895,28.07,2026-09-28T18:54:08.036620+00:00
Union AB Backup Tier,DEBIT/USDT,EMA+Breakout,2026-09-13 08:00 PM PKT,2.9976,TARGET,3.83895,28.07,2026-09-28T18:54:08.038003+00:00
CE Buy-Only,DEBIT/USDT,Chandelier Cross,2026-09-11 07:00 AM PKT,2.2425,STOPPED,2.041606,-8.96,2026-09-28T18:54:08.056806+00:00
CE Buy-Only,DEBIT/USDT,Chandelier Cross,2026-09-26 07:00 AM PKT,1.9842,STOPPED,1.954405,-1.5,2026-09-28T18:54:08.058560+00:00
Pullback-in-Uptrend,DEBIT/USDT,EMA20 Pullback,2026-09-10 07:00 AM PKT,1.8506,STOPPED,2.011578,8.7,2026-09-28T18:54:08.062800+00:00
Pullback-in-Uptrend,DEBIT/USDT,EMA20 Pullback,2026-09-11 12:00 PM PKT,2.1969,STOPPED,1.937047,-11.83,2026-09-28T18:54:08.064380+00:00
Pullback-in-Uptrend,DEBIT/USDT,EMA20 Pullback,2026-09-12 02:00 PM PKT,2.0309,STOPPED,3.086353,51.97,2026-09-28T18:54:08.066819+00:00
Pullback-in-Uptrend,DEBIT/USDT,EMA20 Pullback,2026-09-13 06:00 AM PKT,2.0779,STOPPED,3.086353,48.53,2026-09-28T18:54:08.068783+00:00
Pullback-in-Uptrend,DEBIT/USDT,EMA20 Pullback,2026-09-14 11:00 AM PKT,3.3988,STOPPED,2.991669,-11.98,2026-09-28T18:54:08.070310+00:00
Donchian Breakout,DEBIT/USDT,20-period High,2026-09-10 07:00 AM PKT,1.8506,STOPPED,2.011578,8.7,2026-09-28T18:54:08.074499+00:00
Donchian Breakout,DEBIT/USDT,20-period High,2026-09-13 06:00 AM PKT,2.0779,STOPPED,3.086353,48.53,2026-09-28T18:54:08.076475+00:00
Donchian Breakout,DEBIT/USDT,20-period High,2026-09-14 12:00 AM PKT,3.4625,STOPPED,3.086353,-10.86,2026-09-28T18:54:08.077903+00:00
CE Buy-Only,MON/USDT,Chandelier Cross,2026-09-08 12:00 PM PKT,0.02561,STOPPED,0.02556,-0.2,2026-09-28T18:54:08.733446+00:00
CE Buy-Only,MON/USDT,Chandelier Cross,2026-09-13 04:00 AM PKT,0.02316,STOPPED,0.02311,-0.22,2026-09-28T18:54:08.735608+00:00
CE Buy-Only,MON/USDT,Chandelier Cross,2026-09-15 01:00 PM PKT,0.02238,STOPPED,0.02236,-0.09,2026-09-28T18:54:08.737703+00:00
CE Buy-Only,MON/USDT,Chandelier Cross,2026-09-20 04:00 PM PKT,0.02354,STOPPED,0.023351,-0.8,2026-09-28T18:54:08.739751+00:00
CE Buy-Only,MON/USDT,Chandelier Cross,2026-09-23 10:00 PM PKT,0.02427,STOPPED,0.023993,-1.14,2026-09-28T18:54:08.741803+00:00
CE Buy-Only,TMX/USDT,Chandelier Cross,2026-09-08 03:00 AM PKT,0.05485,STOPPED,0.053982,-1.58,2026-09-28T18:54:09.156816+00:00
CE Buy-Only,TMX/USDT,Chandelier Cross,2026-09-08 09:00 PM PKT,0.04894,STOPPED,0.04856,-0.78,2026-09-28T18:54:09.158619+00:00
CE Buy-Only,TMX/USDT,Chandelier Cross,2026-09-10 05:00 AM PKT,0.03768,STOPPED,0.037628,-0.14,2026-09-28T18:54:09.160379+00:00
CE Buy-Only,TMX/USDT,Chandelier Cross,2026-09-11 04:00 AM PKT,0.0314,STOPPED,0.03255,3.66,2026-09-28T18:54:09.162133+00:00
CE Buy-Only,TMX/USDT,Chandelier Cross,2026-09-13 03:00 PM PKT,0.02982,STOPPED,0.029651,-0.57,2026-09-28T18:54:09.163864+00:00
CE Buy-Only,TMX/USDT,Chandelier Cross,2026-09-20 05:00 AM PKT,0.0206,STOPPED,0.0204,-0.97,2026-09-28T18:54:09.165640+00:00
CE Buy-Only,TMX/USDT,Chandelier Cross,2026-09-25 07:00 PM PKT,0.01263,STOPPED,0.011936,-5.49,2026-09-28T18:54:09.167403+00:00
NEW AdvancedConfluence,OPEN/USDT,CHoCH,2026-09-19 03:00 AM PKT,0.14767,STOPPED,0.145247,-1.64,2026-09-28T18:54:09.843317+00:00
NEW AdvancedConfluence,OPEN/USDT,CHoCH,2026-09-23 08:00 AM PKT,0.14554,STOPPED,0.140809,-3.25,2026-09-28T18:54:09.844667+00:00
CE Buy-Only,OPEN/USDT,Chandelier Cross,2026-09-24 02:00 AM PKT,0.13177,STOPPED,0.131675,-0.07,2026-09-28T18:54:09.849430+00:00
CE Buy-Only,OPEN/USDT,Chandelier Cross,2026-09-28 03:00 PM PKT,0.12956,STOPPED,0.12986,0.23,2026-09-28T18:54:09.851527+00:00
CE Buy-Only,DOS/USDT,Chandelier Cross,2026-09-08 12:00 PM PKT,0.2244,STOPPED,0.224114,-0.13,2026-09-28T18:54:10.454289+00:00
CE Buy-Only,DOS/USDT,Chandelier Cross,2026-09-18 01:00 AM PKT,0.2015,STOPPED,0.2003,-0.6,2026-09-28T18:54:10.456193+00:00
CE Buy-Only,DOS/USDT,Chandelier Cross,2026-09-28 04:00 PM PKT,0.2107,STOPPED,0.2123,0.76,2026-09-28T18:54:10.458046+00:00
CE Buy-Only,DIAM/USDT,Chandelier Cross,2026-09-20 05:00 PM PKT,0.005428,STOPPED,0.005426,-0.04,2026-09-28T18:54:10.885380+00:00
CE Buy-Only,DIAM/USDT,Chandelier Cross,2026-09-21 09:00 AM PKT,0.005381,STOPPED,0.005381,0.0,2026-09-28T18:54:10.887148+00:00
CE Buy-Only,DIAM/USDT,Chandelier Cross,2026-09-23 07:00 AM PKT,0.005335,STOPPED,0.005337,0.04,2026-09-28T18:54:10.888899+00:00
Union AB,FLOCK/USDT,EMA+Breakout,2026-09-17 06:00 PM PKT,0.0713,STOPPED,0.070924,-0.53,2026-09-28T18:54:11.531459+00:00
Union AB Backup Tier,FLOCK/USDT,EMA+Breakout,2026-09-17 06:00 PM PKT,0.0713,STOPPED,0.070924,-0.53,2026-09-28T18:54:11.532949+00:00
NEW AdvancedConfluence,FLOCK/USDT,CHoCH,2026-09-26 11:00 AM PKT,0.07661,STOPPED,0.073187,-4.47,2026-09-28T18:54:11.554437+00:00
CE Buy-Only,FLOCK/USDT,Chandelier Cross,2026-09-10 05:00 PM PKT,0.0617,STOPPED,0.06095,-1.22,2026-09-28T18:54:11.559225+00:00
CE Buy-Only,FLOCK/USDT,Chandelier Cross,2026-09-12 08:00 AM PKT,0.06044,STOPPED,0.06009,-0.58,2026-09-28T18:54:11.561334+00:00
CE Buy-Only,FLOCK/USDT,Chandelier Cross,2026-09-16 09:00 AM PKT,0.06722,STOPPED,0.06663,-0.88,2026-09-28T18:54:11.563429+00:00
CE Buy-Only,FLOCK/USDT,Chandelier Cross,2026-09-20 04:00 PM PKT,0.07016,STOPPED,0.07007,-0.13,2026-09-28T18:54:11.565514+00:00
CE Buy-Only,FLOCK/USDT,Chandelier Cross,2026-09-24 03:00 AM PKT,0.07062,STOPPED,0.070606,-0.02,2026-09-28T18:54:11.567602+00:00
CE Buy-Only,FLOCK/USDT,Chandelier Cross,2026-09-26 11:00 PM PKT,0.07203,STOPPED,0.071936,-0.13,2026-09-28T18:54:11.569698+00:00
CE Buy-Only,FLOCK/USDT,Chandelier Cross,2026-09-28 01:00 PM PKT,0.06684,STOPPED,0.065993,-1.27,2026-09-28T18:54:11.571799+00:00
Pullback-in-Uptrend,FLOCK/USDT,EMA20 Pullback,2026-09-12 03:00 PM PKT,0.06514,STOPPED,0.070266,7.87,2026-09-28T18:54:11.577993+00:00
Pullback-in-Uptrend,FLOCK/USDT,EMA20 Pullback,2026-09-14 09:00 PM PKT,0.07359,STOPPED,0.067649,-8.07,2026-09-28T18:54:11.580260+00:00
Pullback-in-Uptrend,FLOCK/USDT,EMA20 Pullback,2026-09-18 03:00 AM PKT,0.06995,STOPPED,0.069702,-0.35,2026-09-28T18:54:11.581840+00:00
Pullback-in-Uptrend,FLOCK/USDT,EMA20 Pullback,2026-09-19 07:00 PM PKT,0.07287,STOPPED,0.071251,-2.22,2026-09-28T18:54:11.584103+00:00
Pullback-in-Uptrend,FLOCK/USDT,EMA20 Pullback,2026-09-22 08:00 AM PKT,0.07245,STOPPED,0.083229,14.88,2026-09-28T18:54:11.586351+00:00
Donchian Breakout,FLOCK/USDT,20-period High,2026-09-12 05:00 PM PKT,0.0692,STOPPED,0.070266,1.54,2026-09-28T18:54:11.591989+00:00
Donchian Breakout,FLOCK/USDT,20-period High,2026-09-14 09:00 PM PKT,0.07359,STOPPED,0.067649,-8.07,2026-09-28T18:54:11.594040+00:00
Donchian Breakout,FLOCK/USDT,20-period High,2026-09-17 04:00 PM PKT,0.06673,STOPPED,0.071986,7.88,2026-09-28T18:54:11.595554+00:00
Donchian Breakout,FLOCK/USDT,20-period High,2026-09-19 04:00 PM PKT,0.07367,STOPPED,0.071251,-3.28,2026-09-28T18:54:11.597488+00:00
Donchian Breakout,FLOCK/USDT,20-period High,2026-09-22 01:00 PM PKT,0.07894,STOPPED,0.083229,5.43,2026-09-28T18:54:11.599790+00:00
Union AB,RAY/USDT,Ichimoku+MS,2026-09-09 10:00 AM PKT,1.3243,STOPPED,1.250278,-5.59,2026-09-28T18:54:12.226132+00:00
Union AB Backup Tier,RAY/USDT,Ichimoku+MS,2026-09-09 10:00 AM PKT,1.3243,STOPPED,1.250278,-5.59,2026-09-28T18:54:12.228032+00:00
Union AB,RAY/USDT,EMA+Breakout,2026-09-09 10:00 AM PKT,1.3243,STOPPED,1.221,-7.8,2026-09-28T18:54:12.232250+00:00
Union AB,RAY/USDT,EMA+Breakout,2026-09-18 09:00 AM PKT,1.6871,STOPPED,1.697563,0.62,2026-09-28T18:54:12.235254+00:00
Union AB,RAY/USDT,EMA+Breakout,2026-09-27 02:00 PM PKT,2.3208,STOPPED,2.1433,-7.65,2026-09-28T18:54:12.237427+00:00
Union AB Backup Tier,RAY/USDT,EMA+Breakout,2026-09-09 10:00 AM PKT,1.3243,STOPPED,1.221,-7.8,2026-09-28T18:54:12.239360+00:00
Union AB Backup Tier,RAY/USDT,EMA+Breakout,2026-09-18 09:00 AM PKT,1.6871,STOPPED,1.697563,0.62,2026-09-28T18:54:12.241792+00:00
Union AB Backup Tier,RAY/USDT,EMA+Breakout,2026-09-27 02:00 PM PKT,2.3208,STOPPED,2.1433,-7.65,2026-09-28T18:54:12.243497+00:00
NEW AdvancedConfluence,RAY/USDT,CHoCH,2026-09-17 06:00 AM PKT,1.44,TARGET,1.66345,15.52,2026-09-28T18:54:12.266032+00:00
CE Buy-Only,RAY/USDT,Chandelier Cross,2026-09-16 12:00 AM PKT,1.2429,STOPPED,1.240282,-0.21,2026-09-28T18:54:12.271344+00:00
CE Buy-Only,RAY/USDT,Chandelier Cross,2026-09-25 11:00 AM PKT,2.0163,STOPPED,2.026,0.48,2026-09-28T18:54:12.273440+00:00
CE Buy-Only,RAY/USDT,Chandelier Cross,2026-09-26 03:00 PM PKT,2.0103,STOPPED,2.019938,0.48,2026-09-28T18:54:12.275841+00:00
CE Buy-Only,RAY/USDT,Chandelier Cross,2026-09-28 01:00 PM PKT,2.0276,STOPPED,2.018764,-0.44,2026-09-28T18:54:12.277924+00:00
Pullback-in-Uptrend,RAY/USDT,EMA20 Pullback,2026-09-08 08:00 AM PKT,1.2382,STOPPED,1.118494,-9.67,2026-09-28T18:54:12.282522+00:00
Pullback-in-Uptrend,RAY/USDT,EMA20 Pullback,2026-09-09 01:00 AM PKT,1.2228,STOPPED,1.250278,2.25,2026-09-28T18:54:12.284601+00:00
Pullback-in-Uptrend,RAY/USDT,EMA20 Pullback,2026-09-10 04:00 PM PKT,1.3452,STOPPED,1.518881,12.91,2026-09-28T18:54:12.287552+00:00
Pullback-in-Uptrend,RAY/USDT,EMA20 Pullback,2026-09-11 05:00 PM PKT,1.6179,STOPPED,1.518881,-6.12,2026-09-28T18:54:12.289854+00:00
Pullback-in-Uptrend,RAY/USDT,EMA20 Pullback,2026-09-12 09:00 AM PKT,1.6257,STOPPED,1.518881,-6.57,2026-09-28T18:54:12.291641+00:00
Pullback-in-Uptrend,RAY/USDT,EMA20 Pullback,2026-09-16 04:00 PM PKT,1.3619,STOPPED,1.710547,25.6,2026-09-28T18:54:12.295293+00:00
Pullback-in-Uptrend,RAY/USDT,EMA20 Pullback,2026-09-17 09:00 AM PKT,1.4266,STOPPED,1.710547,19.9,2026-09-28T18:54:12.298444+00:00
Pullback-in-Uptrend,RAY/USDT,EMA20 Pullback,2026-09-18 01:00 AM PKT,1.4637,STOPPED,1.710547,16.86,2026-09-28T18:54:12.301198+00:00
Pullback-in-Uptrend,RAY/USDT,EMA20 Pullback,2026-09-19 08:00 AM PKT,1.7376,STOPPED,1.710547,-1.56,2026-09-28T18:54:12.302995+00:00
Pullback-in-Uptrend,RAY/USDT,EMA20 Pullback,2026-09-21 01:00 AM PKT,1.6804,STOPPED,2.040137,21.41,2026-09-28T18:54:12.307709+00:00
Pullback-in-Uptrend,RAY/USDT,EMA20 Pullback,2026-09-21 11:00 PM PKT,1.8061,STOPPED,2.040137,12.96,2026-09-28T18:54:12.311820+00:00
Pullback-in-Uptrend,RAY/USDT,EMA20 Pullback,2026-09-22 04:00 PM PKT,1.8056,STOPPED,2.040137,12.99,2026-09-28T18:54:12.315426+00:00
Pullback-in-Uptrend,RAY/USDT,EMA20 Pullback,2026-09-23 11:00 AM PKT,1.822,STOPPED,2.040137,11.97,2026-09-28T18:54:12.318458+00:00
Pullback-in-Uptrend,RAY/USDT,EMA20 Pullback,2026-09-24 06:00 AM PKT,1.9904,STOPPED,2.040137,2.5,2026-09-28T18:54:12.320926+00:00
Pullback-in-Uptrend,RAY/USDT,EMA20 Pullback,2026-09-25 03:00 AM PKT,2.0939,STOPPED,2.040137,-2.57,2026-09-28T18:54:12.322788+00:00
Pullback-in-Uptrend,RAY/USDT,EMA20 Pullback,2026-09-25 07:00 PM PKT,2.0856,STOPPED,2.007991,-3.72,2026-09-28T18:54:12.324512+00:00
Pullback-in-Uptrend,RAY/USDT,EMA20 Pullback,2026-09-26 08:00 PM PKT,2.0485,STOPPED,2.1464,4.78,2026-09-28T18:54:12.327046+00:00
Pullback-in-Uptrend,RAY/USDT,EMA20 Pullback,2026-09-27 08:00 PM PKT,2.1943,STOPPED,2.1464,-2.18,2026-09-28T18:54:12.328704+00:00
Donchian Breakout,RAY/USDT,20-period High,2026-09-08 08:00 AM PKT,1.2382,STOPPED,1.118494,-9.67,2026-09-28T18:54:12.332445+00:00
Donchian Breakout,RAY/USDT,20-period High,2026-09-09 09:00 AM PKT,1.2521,STOPPED,1.250278,-0.15,2026-09-28T18:54:12.334301+00:00
Donchian Breakout,RAY/USDT,20-period High,2026-09-11 05:00 AM PKT,1.5374,STOPPED,1.518881,-1.2,2026-09-28T18:54:12.336887+00:00
Donchian Breakout,RAY/USDT,20-period High,2026-09-16 04:00 PM PKT,1.3619,STOPPED,1.710547,25.6,2026-09-28T18:54:12.340568+00:00
Donchian Breakout,RAY/USDT,20-period High,2026-09-17 12:00 PM PKT,1.494,STOPPED,1.710547,14.49,2026-09-28T18:54:12.343705+00:00
Donchian Breakout,RAY/USDT,20-period High,2026-09-18 06:00 AM PKT,1.5142,STOPPED,1.710547,12.97,2026-09-28T18:54:12.346273+00:00
Donchian Breakout,RAY/USDT,20-period High,2026-09-19 12:00 PM PKT,1.8222,STOPPED,1.710547,-6.13,2026-09-28T18:54:12.347935+00:00
Donchian Breakout,RAY/USDT,20-period High,2026-09-21 05:00 PM PKT,1.7688,STOPPED,2.040137,15.34,2026-09-28T18:54:12.352220+00:00
Donchian Breakout,RAY/USDT,20-period High,2026-09-23 06:00 AM PKT,1.8478,STOPPED,2.040137,10.41,2026-09-28T18:54:12.355386+00:00
Donchian Breakout,RAY/USDT,20-period High,2026-09-23 11:00 PM PKT,2.0965,STOPPED,2.040137,-2.69,2026-09-28T18:54:12.358043+00:00
Donchian Breakout,RAY/USDT,20-period High,2026-09-24 11:00 PM PKT,2.213,STOPPED,2.040137,-7.81,2026-09-28T18:54:12.360010+00:00
Donchian Breakout,RAY/USDT,20-period High,2026-09-27 07:00 AM PKT,2.1069,STOPPED,2.1464,1.87,2026-09-28T18:54:12.362058+00:00
CE Buy-Only,TSLAX/USDT,Chandelier Cross,2026-09-13 04:00 PM PKT,363.9,STOPPED,363.19,-0.2,2026-09-28T18:54:12.809897+00:00
CE Buy-Only,TSLAX/USDT,Chandelier Cross,2026-09-25 07:00 PM PKT,371.41,STOPPED,369.394545,-0.54,2026-09-28T18:54:12.811684+00:00
CE Buy-Only,PIPEDOG/USDT,Chandelier Cross,2026-09-08 07:00 AM PKT,0.002903,STOPPED,0.002908,0.17,2026-09-28T18:54:13.454642+00:00
CE Buy-Only,PIPEDOG/USDT,Chandelier Cross,2026-09-09 06:00 PM PKT,0.002551,STOPPED,0.00254,-0.43,2026-09-28T18:54:13.456565+00:00
CE Buy-Only,PIPEDOG/USDT,Chandelier Cross,2026-09-15 01:00 PM PKT,0.002369,STOPPED,0.002378,0.38,2026-09-28T18:54:13.458505+00:00
CE Buy-Only,PIPEDOG/USDT,Chandelier Cross,2026-09-19 11:00 AM PKT,0.002378,STOPPED,0.002375,-0.13,2026-09-28T18:54:13.460388+00:00
CE Buy-Only,PIPEDOG/USDT,Chandelier Cross,2026-09-20 12:00 PM PKT,0.002181,STOPPED,0.002181,0.0,2026-09-28T18:54:13.462261+00:00
CE Buy-Only,PIPEDOG/USDT,Chandelier Cross,2026-09-23 11:00 PM PKT,0.002077,STOPPED,0.002082,0.24,2026-09-28T18:54:13.464146+00:00
CE Buy-Only,PIPEDOG/USDT,Chandelier Cross,2026-09-28 03:00 PM PKT,0.001821,STOPPED,0.001826,0.27,2026-09-28T18:54:13.466044+00:00
CE Buy-Only,CRCLX/USDT,Chandelier Cross,2026-09-15 12:00 PM PKT,92.8,STOPPED,92.138636,-0.71,2026-09-28T18:54:13.878427+00:00
CE Buy-Only,CRCLX/USDT,Chandelier Cross,2026-09-20 08:00 AM PKT,90.33,STOPPED,90.005909,-0.36,2026-09-28T18:54:13.880258+00:00
CE Buy-Only,CRCLX/USDT,Chandelier Cross,2026-09-26 05:00 AM PKT,87.54,STOPPED,87.76,0.25,2026-09-28T18:54:13.882085+00:00
CE Buy-Only,CRCLX/USDT,Chandelier Cross,2026-09-28 03:00 PM PKT,86.05,STOPPED,87.08,1.2,2026-09-28T18:54:13.883915+00:00
CE Buy-Only,KONET/USDT,Chandelier Cross,2026-09-09 08:00 AM PKT,0.01969,STOPPED,0.019534,-0.79,2026-09-28T18:54:14.710425+00:00
CE Buy-Only,KONET/USDT,Chandelier Cross,2026-09-11 06:00 AM PKT,0.0188,STOPPED,0.018541,-1.38,2026-09-28T18:54:14.712570+00:00
CE Buy-Only,KONET/USDT,Chandelier Cross,2026-09-27 11:00 AM PKT,0.01803,STOPPED,0.01856,2.94,2026-09-28T18:54:14.714684+00:00
Union AB,DGAI/USDT,EMA+Breakout,2026-09-16 07:00 PM PKT,0.9739,STOPPED,0.95201,-2.25,2026-09-28T18:54:15.144653+00:00
Union AB,DGAI/USDT,EMA+Breakout,2026-09-21 04:00 PM PKT,1.028,STOPPED,1.01727,-1.04,2026-09-28T18:54:15.146384+00:00
Union AB Backup Tier,DGAI/USDT,EMA+Breakout,2026-09-16 07:00 PM PKT,0.9739,STOPPED,0.95201,-2.25,2026-09-28T18:54:15.150702+00:00
Union AB Backup Tier,DGAI/USDT,EMA+Breakout,2026-09-21 04:00 PM PKT,1.028,STOPPED,1.01727,-1.04,2026-09-28T18:54:15.151970+00:00
CE Buy-Only,DGAI/USDT,Chandelier Cross,2026-09-10 06:00 PM PKT,0.73269,STOPPED,0.73927,0.9,2026-09-28T18:54:15.170862+00:00
CE Buy-Only,DGAI/USDT,Chandelier Cross,2026-09-26 08:00 PM PKT,1.01724,STOPPED,1.012306,-0.49,2026-09-28T18:54:15.172666+00:00
Pullback-in-Uptrend,DGAI/USDT,EMA20 Pullback,2026-09-15 08:00 PM PKT,0.76398,STOPPED,0.7445,-2.55,2026-09-28T18:54:15.178586+00:00
Pullback-in-Uptrend,DGAI/USDT,EMA20 Pullback,2026-09-16 01:00 PM PKT,0.76169,STOPPED,0.953618,25.2,2026-09-28T18:54:15.182475+00:00
Pullback-in-Uptrend,DGAI/USDT,EMA20 Pullback,2026-09-17 08:00 PM PKT,0.93372,STOPPED,0.953618,2.13,2026-09-28T18:54:15.185477+00:00
Pullback-in-Uptrend,DGAI/USDT,EMA20 Pullback,2026-09-21 08:00 AM PKT,0.95709,STOPPED,1.01727,6.29,2026-09-28T18:54:15.187727+00:00
Pullback-in-Uptrend,DGAI/USDT,EMA20 Pullback,2026-09-22 01:00 PM PKT,1.05026,STOPPED,1.02875,-2.05,2026-09-28T18:54:15.189836+00:00
Pullback-in-Uptrend,DGAI/USDT,EMA20 Pullback,2026-09-24 08:00 PM PKT,1.03544,STOPPED,1.020293,-1.46,2026-09-28T18:54:15.192548+00:00
Donchian Breakout,DGAI/USDT,20-period High,2026-09-15 10:00 PM PKT,0.77306,STOPPED,0.7445,-3.69,2026-09-28T18:54:15.197095+00:00
Donchian Breakout,DGAI/USDT,20-period High,2026-09-16 02:00 PM PKT,0.78146,STOPPED,0.953618,22.03,2026-09-28T18:54:15.200957+00:00
Donchian Breakout,DGAI/USDT,20-period High,2026-09-21 01:00 PM PKT,0.97733,STOPPED,1.01727,4.09,2026-09-28T18:54:15.202571+00:00
CE Buy-Only,RAIN/USDT,Chandelier Cross,2026-09-08 06:00 AM PKT,0.016301,STOPPED,0.016292,-0.06,2026-09-28T18:54:15.880615+00:00
CE Buy-Only,RAIN/USDT,Chandelier Cross,2026-09-09 05:00 AM PKT,0.016001,STOPPED,0.015881,-0.75,2026-09-28T18:54:15.882702+00:00
CE Buy-Only,RAIN/USDT,Chandelier Cross,2026-09-10 05:00 AM PKT,0.016161,STOPPED,0.016156,-0.03,2026-09-28T18:54:15.885049+00:00
CE Buy-Only,RAIN/USDT,Chandelier Cross,2026-09-12 05:00 PM PKT,0.015129,STOPPED,0.015107,-0.15,2026-09-28T18:54:15.887169+00:00
CE Buy-Only,RAIN/USDT,Chandelier Cross,2026-09-13 10:00 PM PKT,0.015388,STOPPED,0.015184,-1.33,2026-09-28T18:54:15.889303+00:00
CE Buy-Only,RAIN/USDT,Chandelier Cross,2026-09-15 06:00 AM PKT,0.014272,STOPPED,0.014256,-0.11,2026-09-28T18:54:15.891509+00:00
CE Buy-Only,RAIN/USDT,Chandelier Cross,2026-09-16 04:00 PM PKT,0.013649,STOPPED,0.013589,-0.44,2026-09-28T18:54:15.894105+00:00
CE Buy-Only,RAIN/USDT,Chandelier Cross,2026-09-17 02:00 PM PKT,0.012881,STOPPED,0.012764,-0.91,2026-09-28T18:54:15.896420+00:00
CE Buy-Only,RAIN/USDT,Chandelier Cross,2026-09-18 11:00 AM PKT,0.013081,STOPPED,0.012867,-1.64,2026-09-28T18:54:15.898600+00:00
CE Buy-Only,RAIN/USDT,Chandelier Cross,2026-09-20 08:00 PM PKT,0.013287,STOPPED,0.013835,4.12,2026-09-28T18:54:15.901161+00:00
CE Buy-Only,RAIN/USDT,Chandelier Cross,2026-09-22 08:00 PM PKT,0.013451,STOPPED,0.013424,-0.2,2026-09-28T18:54:15.903294+00:00
CE Buy-Only,RAIN/USDT,Chandelier Cross,2026-09-24 04:00 AM PKT,0.012261,STOPPED,0.012234,-0.22,2026-09-28T18:54:15.905349+00:00
CE Buy-Only,RAIN/USDT,Chandelier Cross,2026-09-25 11:00 AM PKT,0.011951,STOPPED,0.011924,-0.23,2026-09-28T18:54:15.907389+00:00
CE Buy-Only,RAIN/USDT,Chandelier Cross,2026-09-26 08:00 AM PKT,0.010857,STOPPED,0.01133,4.36,2026-09-28T18:54:15.909450+00:00
Union AB,MET/USDT,EMA+Breakout,2026-09-11 04:00 PM PKT,0.2766,STOPPED,0.239525,-13.4,2026-09-28T18:54:16.541663+00:00
Union AB,MET/USDT,EMA+Breakout,2026-09-18 08:00 AM PKT,0.2402,TARGET,0.277325,15.46,2026-09-28T18:54:16.544564+00:00
Union AB,MET/USDT,EMA+Breakout,2026-09-23 04:00 AM PKT,0.3316,TARGET,0.39365,18.71,2026-09-28T18:54:16.546843+00:00
Union AB,MET/USDT,EMA+Breakout,2026-09-25 10:00 PM PKT,0.3509,STOPPED,0.345363,-1.58,2026-09-28T18:54:16.549743+00:00
Union AB Backup Tier,MET/USDT,EMA+Breakout,2026-09-11 04:00 PM PKT,0.2766,STOPPED,0.239525,-13.4,2026-09-28T18:54:16.551499+00:00
Union AB Backup Tier,MET/USDT,EMA+Breakout,2026-09-18 08:00 AM PKT,0.2402,TARGET,0.277325,15.46,2026-09-28T18:54:16.553776+00:00
Union AB Backup Tier,MET/USDT,EMA+Breakout,2026-09-23 04:00 AM PKT,0.3316,TARGET,0.39365,18.71,2026-09-28T18:54:16.555372+00:00
Union AB Backup Tier,MET/USDT,EMA+Breakout,2026-09-25 10:00 PM PKT,0.3509,STOPPED,0.345363,-1.58,2026-09-28T18:54:16.557663+00:00
CE Buy-Only,MET/USDT,Chandelier Cross,2026-09-08 04:00 AM PKT,0.1995,STOPPED,0.2014,0.95,2026-09-28T18:54:16.582414+00:00
CE Buy-Only,MET/USDT,Chandelier Cross,2026-09-12 01:00 PM PKT,0.2346,STOPPED,0.2391,1.92,2026-09-28T18:54:16.584530+00:00
CE Buy-Only,MET/USDT,Chandelier Cross,2026-09-14 07:00 AM PKT,0.222,STOPPED,0.2234,0.63,2026-09-28T18:54:16.586719+00:00
CE Buy-Only,MET/USDT,Chandelier Cross,2026-09-15 09:00 AM PKT,0.2106,STOPPED,0.209659,-0.45,2026-09-28T18:54:16.588789+00:00
CE Buy-Only,MET/USDT,Chandelier Cross,2026-09-24 04:00 AM PKT,0.3429,STOPPED,0.3427,-0.06,2026-09-28T18:54:16.590892+00:00
CE Buy-Only,MET/USDT,Chandelier Cross,2026-09-28 05:00 PM PKT,0.3301,STOPPED,0.3304,0.09,2026-09-28T18:54:16.593004+00:00
Pullback-in-Uptrend,MET/USDT,EMA20 Pullback,2026-09-11 05:00 AM PKT,0.2143,STOPPED,0.247231,15.37,2026-09-28T18:54:16.598705+00:00
Pullback-in-Uptrend,MET/USDT,EMA20 Pullback,2026-09-12 05:00 PM PKT,0.2451,STOPPED,0.237912,-2.93,2026-09-28T18:54:16.600152+00:00
Pullback-in-Uptrend,MET/USDT,EMA20 Pullback,2026-09-19 12:00 PM PKT,0.2644,STOPPED,0.252569,-4.47,2026-09-28T18:54:16.602542+00:00
Pullback-in-Uptrend,MET/USDT,EMA20 Pullback,2026-09-21 03:00 AM PKT,0.2558,STOPPED,0.345813,35.19,2026-09-28T18:54:16.605893+00:00
Pullback-in-Uptrend,MET/USDT,EMA20 Pullback,2026-09-22 08:00 AM PKT,0.279,STOPPED,0.345813,23.95,2026-09-28T18:54:16.608477+00:00
Pullback-in-Uptrend,MET/USDT,EMA20 Pullback,2026-09-24 12:00 PM PKT,0.3537,STOPPED,0.344734,-2.53,2026-09-28T18:54:16.611883+00:00
Pullback-in-Uptrend,MET/USDT,EMA20 Pullback,2026-09-25 03:00 PM PKT,0.342,STOPPED,0.344734,0.8,2026-09-28T18:54:16.614507+00:00
Pullback-in-Uptrend,MET/USDT,EMA20 Pullback,2026-09-26 08:00 AM PKT,0.3555,STOPPED,0.344734,-3.03,2026-09-28T18:54:16.616720+00:00
Pullback-in-Uptrend,MET/USDT,EMA20 Pullback,2026-09-27 06:00 PM PKT,0.3588,STOPPED,0.347841,-3.05,2026-09-28T18:54:16.618534+00:00
Donchian Breakout,MET/USDT,20-period High,2026-09-11 11:00 AM PKT,0.2357,STOPPED,0.247231,4.89,2026-09-28T18:54:16.623434+00:00
Donchian Breakout,MET/USDT,20-period High,2026-09-17 06:00 AM PKT,0.2088,STOPPED,0.252569,20.96,2026-09-28T18:54:16.627248+00:00
Donchian Breakout,MET/USDT,20-period High,2026-09-18 03:00 AM PKT,0.2262,STOPPED,0.252569,11.66,2026-09-28T18:54:16.630165+00:00
Donchian Breakout,MET/USDT,20-period High,2026-09-18 11:00 PM PKT,0.2596,STOPPED,0.252569,-2.71,2026-09-28T18:54:16.632524+00:00
Donchian Breakout,MET/USDT,20-period High,2026-09-21 01:00 PM PKT,0.2674,STOPPED,0.345813,29.32,2026-09-28T18:54:16.635605+00:00
Donchian Breakout,MET/USDT,20-period High,2026-09-22 03:00 PM PKT,0.2911,STOPPED,0.345813,18.8,2026-09-28T18:54:16.637963+00:00
Donchian Breakout,MET/USDT,20-period High,2026-09-23 08:00 AM PKT,0.3491,STOPPED,0.345813,-0.94,2026-09-28T18:54:16.639800+00:00
Donchian Breakout,MET/USDT,20-period High,2026-09-25 10:00 PM PKT,0.3509,STOPPED,0.344734,-1.76,2026-09-28T18:54:16.642198+00:00
Donchian Breakout,MET/USDT,20-period High,2026-09-27 11:00 PM PKT,0.3713,STOPPED,0.347841,-6.32,2026-09-28T18:54:16.643844+00:00
Union AB,MUBARAK/USDT,Ichimoku+MS,2026-09-22 09:00 AM PKT,0.05438,TARGET,0.070708,30.03,2026-09-28T18:54:17.346750+00:00
Union AB Backup Tier,MUBARAK/USDT,Ichimoku+MS,2026-09-22 09:00 AM PKT,0.05438,TARGET,0.070708,30.03,2026-09-28T18:54:17.348413+00:00
Union AB,MUBARAK/USDT,EMA+Breakout,2026-09-12 06:00 AM PKT,0.03043,STOPPED,0.030308,-0.4,2026-09-28T18:54:17.352364+00:00
Union AB,MUBARAK/USDT,EMA+Breakout,2026-09-18 09:00 AM PKT,0.03229,STOPPED,0.032113,-0.55,2026-09-28T18:54:17.354615+00:00
Union AB,MUBARAK/USDT,EMA+Breakout,2026-09-21 02:00 PM PKT,0.0391,TARGET,0.04495,14.96,2026-09-28T18:54:17.356594+00:00
Union AB,MUBARAK/USDT,EMA+Breakout,2026-09-22 09:00 AM PKT,0.05438,TARGET,0.067775,24.63,2026-09-28T18:54:17.358693+00:00
Union AB,MUBARAK/USDT,EMA+Breakout,2026-09-25 07:00 PM PKT,0.05134,STOPPED,0.05408,5.34,2026-09-28T18:54:17.361941+00:00
Union AB,MUBARAK/USDT,EMA+Breakout,2026-09-28 02:00 PM PKT,0.06008,STOPPED,0.058694,-2.31,2026-09-28T18:54:17.363773+00:00
Union AB Backup Tier,MUBARAK/USDT,EMA+Breakout,2026-09-12 06:00 AM PKT,0.03043,STOPPED,0.030308,-0.4,2026-09-28T18:54:17.365724+00:00
Union AB Backup Tier,MUBARAK/USDT,EMA+Breakout,2026-09-18 09:00 AM PKT,0.03229,STOPPED,0.032113,-0.55,2026-09-28T18:54:17.367396+00:00
Union AB Backup Tier,MUBARAK/USDT,EMA+Breakout,2026-09-21 02:00 PM PKT,0.0391,TARGET,0.04495,14.96,2026-09-28T18:54:17.368772+00:00
Union AB Backup Tier,MUBARAK/USDT,EMA+Breakout,2026-09-22 09:00 AM PKT,0.05438,TARGET,0.067775,24.63,2026-09-28T18:54:17.370288+00:00
Union AB Backup Tier,MUBARAK/USDT,EMA+Breakout,2026-09-25 07:00 PM PKT,0.05134,STOPPED,0.05408,5.34,2026-09-28T18:54:17.372852+00:00
Union AB Backup Tier,MUBARAK/USDT,EMA+Breakout,2026-09-28 02:00 PM PKT,0.06008,STOPPED,0.058694,-2.31,2026-09-28T18:54:17.374156+00:00
NEW AdvancedConfluence,MUBARAK/USDT,CHoCH,2026-09-18 09:00 AM PKT,0.03229,TARGET,0.033899,4.98,2026-09-28T18:54:17.395471+00:00
CE Buy-Only,MUBARAK/USDT,Chandelier Cross,2026-09-13 06:00 AM PKT,0.02964,STOPPED,0.029621,-0.06,2026-09-28T18:54:17.400106+00:00
CE Buy-Only,MUBARAK/USDT,Chandelier Cross,2026-09-23 08:00 PM PKT,0.05279,STOPPED,0.05469,3.6,2026-09-28T18:54:17.402239+00:00
CE Buy-Only,MUBARAK/USDT,Chandelier Cross,2026-09-24 09:00 PM PKT,0.04617,STOPPED,0.045833,-0.73,2026-09-28T18:54:17.404324+00:00
Pullback-in-Uptrend,MUBARAK/USDT,EMA20 Pullback,2026-09-08 09:00 PM PKT,0.03018,STOPPED,0.028664,-5.02,2026-09-28T18:54:17.409841+00:00
Pullback-in-Uptrend,MUBARAK/USDT,EMA20 Pullback,2026-09-09 10:00 PM PKT,0.02999,STOPPED,0.028274,-5.72,2026-09-28T18:54:17.411410+00:00
Pullback-in-Uptrend,MUBARAK/USDT,EMA20 Pullback,2026-09-11 12:00 PM PKT,0.02961,STOPPED,0.030768,3.91,2026-09-28T18:54:17.413755+00:00
Pullback-in-Uptrend,MUBARAK/USDT,EMA20 Pullback,2026-09-14 08:00 AM PKT,0.03009,STOPPED,0.029017,-3.57,2026-09-28T18:54:17.416022+00:00
Pullback-in-Uptrend,MUBARAK/USDT,EMA20 Pullback,2026-09-15 12:00 AM PKT,0.03029,STOPPED,0.028899,-4.59,2026-09-28T18:54:17.418004+00:00
Pullback-in-Uptrend,MUBARAK/USDT,EMA20 Pullback,2026-09-15 09:00 PM PKT,0.03039,STOPPED,0.028582,-5.95,2026-09-28T18:54:17.420053+00:00
Pullback-in-Uptrend,MUBARAK/USDT,EMA20 Pullback,2026-09-17 03:00 PM PKT,0.0306,STOPPED,0.03221,5.26,2026-09-28T18:54:17.422306+00:00
Pullback-in-Uptrend,MUBARAK/USDT,EMA20 Pullback,2026-09-18 08:00 PM PKT,0.03265,STOPPED,0.03265,0.0,2026-09-28T18:54:17.423899+00:00
Pullback-in-Uptrend,MUBARAK/USDT,EMA20 Pullback,2026-09-19 06:00 PM PKT,0.0326,STOPPED,0.057859,77.48,2026-09-28T18:54:17.428041+00:00
Pullback-in-Uptrend,MUBARAK/USDT,EMA20 Pullback,2026-09-20 10:00 AM PKT,0.03266,STOPPED,0.057859,77.16,2026-09-28T18:54:17.431708+00:00
Pullback-in-Uptrend,MUBARAK/USDT,EMA20 Pullback,2026-09-21 02:00 AM PKT,0.03304,STOPPED,0.057859,75.12,2026-09-28T18:54:17.434875+00:00
Pullback-in-Uptrend,MUBARAK/USDT,EMA20 Pullback,2026-09-23 11:00 AM PKT,0.07561,STOPPED,0.054141,-28.39,2026-09-28T18:54:17.436391+00:00
Pullback-in-Uptrend,MUBARAK/USDT,EMA20 Pullback,2026-09-26 01:00 PM PKT,0.05371,STOPPED,0.055077,2.55,2026-09-28T18:54:17.438406+00:00
Pullback-in-Uptrend,MUBARAK/USDT,EMA20 Pullback,2026-09-27 06:00 AM PKT,0.05818,STOPPED,0.055077,-5.33,2026-09-28T18:54:17.439857+00:00
Pullback-in-Uptrend,MUBARAK/USDT,EMA20 Pullback,2026-09-28 01:00 PM PKT,0.05473,STOPPED,0.06001,9.65,2026-09-28T18:54:17.441223+00:00
Donchian Breakout,MUBARAK/USDT,20-period High,2026-09-11 06:00 AM PKT,0.02938,STOPPED,0.030768,4.72,2026-09-28T18:54:17.445763+00:00
Donchian Breakout,MUBARAK/USDT,20-period High,2026-09-12 06:00 AM PKT,0.03043,STOPPED,0.030768,1.11,2026-09-28T18:54:17.447594+00:00
Donchian Breakout,MUBARAK/USDT,20-period High,2026-09-17 03:00 PM PKT,0.0306,STOPPED,0.03221,5.26,2026-09-28T18:54:17.449829+00:00
Donchian Breakout,MUBARAK/USDT,20-period High,2026-09-18 09:00 AM PKT,0.03229,STOPPED,0.03221,-0.25,2026-09-28T18:54:17.451550+00:00
Donchian Breakout,MUBARAK/USDT,20-period High,2026-09-20 11:00 PM PKT,0.03364,STOPPED,0.057859,71.99,2026-09-28T18:54:17.454749+00:00
Donchian Breakout,MUBARAK/USDT,20-period High,2026-09-21 03:00 PM PKT,0.0415,STOPPED,0.057859,39.42,2026-09-28T18:54:17.457505+00:00
Donchian Breakout,MUBARAK/USDT,20-period High,2026-09-22 09:00 AM PKT,0.05438,STOPPED,0.057859,6.4,2026-09-28T18:54:17.459740+00:00
Donchian Breakout,MUBARAK/USDT,20-period High,2026-09-25 06:00 PM PKT,0.04711,STOPPED,0.055077,16.91,2026-09-28T18:54:17.462341+00:00
CE Buy-Only,CARDS/USDT,Chandelier Cross,2026-09-09 10:00 AM PKT,0.1277,STOPPED,0.127291,-0.32,2026-09-28T18:54:18.131578+00:00
CE Buy-Only,CARDS/USDT,Chandelier Cross,2026-09-10 07:00 AM PKT,0.1131,STOPPED,0.111232,-1.65,2026-09-28T18:54:18.133694+00:00
CE Buy-Only,CARDS/USDT,Chandelier Cross,2026-09-19 03:00 AM PKT,0.1827,STOPPED,0.1719,-5.91,2026-09-28T18:54:18.135800+00:00
CE Buy-Only,CARDS/USDT,Chandelier Cross,2026-09-20 02:00 AM PKT,0.1756,STOPPED,0.1758,0.11,2026-09-28T18:54:18.137903+00:00
CE Buy-Only,CARDS/USDT,Chandelier Cross,2026-09-23 11:00 PM PKT,0.1735,STOPPED,0.1747,0.69,2026-09-28T18:54:18.140082+00:00
CE Buy-Only,CARDS/USDT,Chandelier Cross,2026-09-24 04:00 PM PKT,0.1557,STOPPED,0.1586,1.86,2026-09-28T18:54:18.142171+00:00
CE Buy-Only,CARDS/USDT,Chandelier Cross,2026-09-26 01:00 PM PKT,0.18,STOPPED,0.181212,0.67,2026-09-28T18:54:18.144248+00:00
CE Buy-Only,CARDS/USDT,Chandelier Cross,2026-09-27 01:00 PM PKT,0.1808,STOPPED,0.1815,0.39,2026-09-28T18:54:18.146326+00:00
CE Buy-Only,CARDS/USDT,Chandelier Cross,2026-09-28 02:00 PM PKT,0.1834,STOPPED,0.182459,-0.51,2026-09-28T18:54:18.148376+00:00
CE Buy-Only,CRV/USDT,Chandelier Cross,2026-09-23 09:00 PM PKT,0.3293,STOPPED,0.328441,-0.26,2026-09-28T18:54:18.821290+00:00
CE Buy-Only,CRV/USDT,Chandelier Cross,2026-09-28 03:00 PM PKT,0.3302,STOPPED,0.3298,-0.12,2026-09-28T18:54:18.823413+00:00
Pullback-in-Uptrend,CRV/USDT,EMA20 Pullback,2026-09-14 01:00 AM PKT,0.355,STOPPED,0.342941,-3.4,2026-09-28T18:54:18.829316+00:00
Pullback-in-Uptrend,CRV/USDT,EMA20 Pullback,2026-09-14 10:00 PM PKT,0.3558,STOPPED,0.342941,-3.61,2026-09-28T18:54:18.831182+00:00
Donchian Breakout,CRV/USDT,20-period High,2026-09-13 02:00 PM PKT,0.3435,STOPPED,0.342941,-0.16,2026-09-28T18:54:18.838999+00:00
Donchian Breakout,CRV/USDT,20-period High,2026-09-14 10:00 AM PKT,0.3574,STOPPED,0.342941,-4.05,2026-09-28T18:54:18.841219+00:00
Union AB,AR/USDT,EMA+Breakout,2026-09-18 02:00 PM PKT,3.201,TARGET,3.86075,20.61,2026-09-28T18:54:19.501110+00:00
Union AB,AR/USDT,EMA+Breakout,2026-09-25 02:00 PM PKT,4.747,STOPPED,4.485,-5.52,2026-09-28T18:54:19.503764+00:00
Union AB Backup Tier,AR/USDT,EMA+Breakout,2026-09-18 02:00 PM PKT,3.201,TARGET,3.86075,20.61,2026-09-28T18:54:19.505682+00:00
Union AB Backup Tier,AR/USDT,EMA+Breakout,2026-09-25 02:00 PM PKT,4.747,STOPPED,4.485,-5.52,2026-09-28T18:54:19.507655+00:00
CE Buy-Only,AR/USDT,Chandelier Cross,2026-09-08 05:00 PM PKT,2.912,STOPPED,2.918,0.21,2026-09-28T18:54:19.532207+00:00
CE Buy-Only,AR/USDT,Chandelier Cross,2026-09-13 08:00 AM PKT,2.54,STOPPED,2.558,0.71,2026-09-28T18:54:19.534312+00:00
CE Buy-Only,AR/USDT,Chandelier Cross,2026-09-15 01:00 PM PKT,2.715,STOPPED,2.745,1.1,2026-09-28T18:54:19.536462+00:00
CE Buy-Only,AR/USDT,Chandelier Cross,2026-09-28 11:00 AM PKT,4.387,STOPPED,4.374773,-0.28,2026-09-28T18:54:19.538538+00:00
Pullback-in-Uptrend,AR/USDT,EMA20 Pullback,2026-09-13 06:00 PM PKT,2.67,STOPPED,2.709531,1.48,2026-09-28T18:54:19.544460+00:00
Pullback-in-Uptrend,AR/USDT,EMA20 Pullback,2026-09-14 02:00 PM PKT,2.843,STOPPED,2.709531,-4.69,2026-09-28T18:54:19.546377+00:00
Pullback-in-Uptrend,AR/USDT,EMA20 Pullback,2026-09-19 11:00 PM PKT,4.356,STOPPED,4.432156,1.75,2026-09-28T18:54:19.549373+00:00
Pullback-in-Uptrend,AR/USDT,EMA20 Pullback,2026-09-20 03:00 PM PKT,4.32,STOPPED,4.432156,2.6,2026-09-28T18:54:19.551688+00:00
Pullback-in-Uptrend,AR/USDT,EMA20 Pullback,2026-09-21 04:00 PM PKT,4.75,STOPPED,4.432156,-6.69,2026-09-28T18:54:19.553266+00:00
Pullback-in-Uptrend,AR/USDT,EMA20 Pullback,2026-09-23 04:00 AM PKT,4.525,STOPPED,4.263688,-5.77,2026-09-28T18:54:19.555068+00:00
Pullback-in-Uptrend,AR/USDT,EMA20 Pullback,2026-09-23 08:00 PM PKT,4.565,STOPPED,4.238375,-7.15,2026-09-28T18:54:19.556991+00:00
Pullback-in-Uptrend,AR/USDT,EMA20 Pullback,2026-09-24 06:00 PM PKT,4.449,STOPPED,4.491469,0.95,2026-09-28T18:54:19.559585+00:00
Pullback-in-Uptrend,AR/USDT,EMA20 Pullback,2026-09-25 11:00 AM PKT,4.504,STOPPED,4.491469,-0.28,2026-09-28T18:54:19.561672+00:00
Pullback-in-Uptrend,AR/USDT,EMA20 Pullback,2026-09-26 03:00 PM PKT,4.636,STOPPED,4.619313,-0.36,2026-09-28T18:54:19.563427+00:00
Pullback-in-Uptrend,AR/USDT,EMA20 Pullback,2026-09-27 11:00 AM PKT,4.829,STOPPED,4.690219,-2.87,2026-09-28T18:54:19.565197+00:00
Donchian Breakout,AR/USDT,20-period High,2026-09-08 05:00 AM PKT,3.053,STOPPED,2.895375,-5.16,2026-09-28T18:54:19.569407+00:00
Donchian Breakout,AR/USDT,20-period High,2026-09-13 06:00 PM PKT,2.67,STOPPED,2.709531,1.48,2026-09-28T18:54:19.571925+00:00
Donchian Breakout,AR/USDT,20-period High,2026-09-17 09:00 AM PKT,2.571,STOPPED,4.432156,72.39,2026-09-28T18:54:19.576523+00:00
Donchian Breakout,AR/USDT,20-period High,2026-09-18 04:00 AM PKT,2.653,STOPPED,4.432156,67.06,2026-09-28T18:54:19.580548+00:00
Donchian Breakout,AR/USDT,20-period High,2026-09-18 10:00 PM PKT,3.273,STOPPED,4.432156,35.42,2026-09-28T18:54:19.584030+00:00
Donchian Breakout,AR/USDT,20-period High,2026-09-20 09:00 PM PKT,4.569,STOPPED,4.432156,-3.0,2026-09-28T18:54:19.586253+00:00
Donchian Breakout,AR/USDT,20-period High,2026-09-25 02:00 PM PKT,4.747,STOPPED,4.491469,-5.38,2026-09-28T18:54:19.588228+00:00
Donchian Breakout,AR/USDT,20-period High,2026-09-26 06:00 PM PKT,4.822,STOPPED,4.619313,-4.2,2026-09-28T18:54:19.589866+00:00
Donchian Breakout,AR/USDT,20-period High,2026-09-27 07:00 PM PKT,4.887,STOPPED,4.690219,-4.03,2026-09-28T18:54:19.591405+00:00
Union AB,LIT/USDT,EMA+Breakout,2026-09-11 06:00 PM PKT,4.782,STOPPED,4.445,-7.05,2026-09-28T18:54:20.220973+00:00
Union AB Backup Tier,LIT/USDT,EMA+Breakout,2026-09-11 06:00 PM PKT,4.782,STOPPED,4.445,-7.05,2026-09-28T18:54:20.222567+00:00
CE Buy-Only,LIT/USDT,Chandelier Cross,2026-09-10 05:00 AM PKT,4.62,STOPPED,4.629,0.19,2026-09-28T18:54:20.246484+00:00
CE Buy-Only,LIT/USDT,Chandelier Cross,2026-09-13 02:00 AM PKT,4.202,STOPPED,4.214,0.29,2026-09-28T18:54:20.248710+00:00
CE Buy-Only,LIT/USDT,Chandelier Cross,2026-09-15 10:00 PM PKT,4.165,STOPPED,4.0875,-1.86,2026-09-28T18:54:20.250792+00:00
CE Buy-Only,LIT/USDT,Chandelier Cross,2026-09-20 08:00 AM PKT,4.686,STOPPED,4.668,-0.38,2026-09-28T18:54:20.252874+00:00
CE Buy-Only,LIT/USDT,Chandelier Cross,2026-09-25 12:00 PM PKT,4.902,STOPPED,4.967,1.33,2026-09-28T18:54:20.254958+00:00
Pullback-in-Uptrend,LIT/USDT,EMA20 Pullback,2026-09-08 09:00 AM PKT,4.658,STOPPED,4.835375,3.81,2026-09-28T18:54:20.260759+00:00
Pullback-in-Uptrend,LIT/USDT,EMA20 Pullback,2026-09-09 03:00 AM PKT,4.844,STOPPED,4.835375,-0.18,2026-09-28T18:54:20.262772+00:00
Pullback-in-Uptrend,LIT/USDT,EMA20 Pullback,2026-09-11 02:00 PM PKT,4.502,STOPPED,4.4225,-1.77,2026-09-28T18:54:20.264420+00:00
Pullback-in-Uptrend,LIT/USDT,EMA20 Pullback,2026-09-14 07:00 AM PKT,4.449,STOPPED,4.29525,-3.46,2026-09-28T18:54:20.266531+00:00
Pullback-in-Uptrend,LIT/USDT,EMA20 Pullback,2026-09-14 11:00 PM PKT,4.44,STOPPED,4.298437,-3.19,2026-09-28T18:54:20.268532+00:00
Pullback-in-Uptrend,LIT/USDT,EMA20 Pullback,2026-09-16 10:00 PM PKT,4.361,STOPPED,4.758438,9.11,2026-09-28T18:54:20.272552+00:00
Pullback-in-Uptrend,LIT/USDT,EMA20 Pullback,2026-09-18 06:00 AM PKT,4.866,STOPPED,4.758438,-2.21,2026-09-28T18:54:20.275317+00:00
Pullback-in-Uptrend,LIT/USDT,EMA20 Pullback,2026-09-19 10:00 AM PKT,4.864,STOPPED,4.758438,-2.17,2026-09-28T18:54:20.277233+00:00
Pullback-in-Uptrend,LIT/USDT,EMA20 Pullback,2026-09-21 04:00 AM PKT,4.782,STOPPED,4.701,-1.69,2026-09-28T18:54:20.279398+00:00
Pullback-in-Uptrend,LIT/USDT,EMA20 Pullback,2026-09-22 04:00 PM PKT,4.806,STOPPED,4.97925,3.6,2026-09-28T18:54:20.282195+00:00
Pullback-in-Uptrend,LIT/USDT,EMA20 Pullback,2026-09-23 05:00 PM PKT,5.184,STOPPED,4.97925,-3.95,2026-09-28T18:54:20.284269+00:00
Pullback-in-Uptrend,LIT/USDT,EMA20 Pullback,2026-09-24 10:00 PM PKT,5.289,STOPPED,4.940094,-6.6,2026-09-28T18:54:20.286064+00:00
Donchian Breakout,LIT/USDT,20-period High,2026-09-08 09:00 PM PKT,4.892,STOPPED,4.835375,-1.16,2026-09-28T18:54:20.290583+00:00
Donchian Breakout,LIT/USDT,20-period High,2026-09-11 05:00 PM PKT,4.675,STOPPED,4.4225,-5.4,2026-09-28T18:54:20.292143+00:00
Donchian Breakout,LIT/USDT,20-period High,2026-09-16 10:00 PM PKT,4.361,STOPPED,4.758438,9.11,2026-09-28T18:54:20.296023+00:00
Donchian Breakout,LIT/USDT,20-period High,2026-09-19 01:00 PM PKT,5.045,STOPPED,4.758438,-5.68,2026-09-28T18:54:20.297908+00:00
Donchian Breakout,LIT/USDT,20-period High,2026-09-22 10:00 PM PKT,4.92,STOPPED,4.97925,1.2,2026-09-28T18:54:20.300722+00:00
Donchian Breakout,LIT/USDT,20-period High,2026-09-23 06:00 PM PKT,5.432,STOPPED,4.97925,-8.33,2026-09-28T18:54:20.302708+00:00
NEW AdvancedConfluence,SPX/USDT,CHoCH,2026-09-14 10:00 PM PKT,0.5162,STOPPED,0.499731,-3.19,2026-09-28T18:54:20.997320+00:00
CE Buy-Only,SPX/USDT,Chandelier Cross,2026-09-10 04:00 AM PKT,0.48,STOPPED,0.479155,-0.18,2026-09-28T18:54:21.002022+00:00
CE Buy-Only,SPX/USDT,Chandelier Cross,2026-09-13 02:00 PM PKT,0.4796,STOPPED,0.4785,-0.23,2026-09-28T18:54:21.004179+00:00
CE Buy-Only,SPX/USDT,Chandelier Cross,2026-09-15 01:00 PM PKT,0.4889,STOPPED,0.4928,0.8,2026-09-28T18:54:21.006277+00:00
CE Buy-Only,SPX/USDT,Chandelier Cross,2026-09-16 11:00 PM PKT,0.4523,STOPPED,0.452356,0.01,2026-09-28T18:54:21.008428+00:00
CE Buy-Only,SPX/USDT,Chandelier Cross,2026-09-20 05:00 PM PKT,0.4543,STOPPED,0.449791,-0.99,2026-09-28T18:54:21.010529+00:00
CE Buy-Only,SPX/USDT,Chandelier Cross,2026-09-24 01:00 AM PKT,0.4295,STOPPED,0.4353,1.35,2026-09-28T18:54:21.012635+00:00
NEW AdvancedConfluence,APT/USDT,CHoCH,2026-09-19 01:00 AM PKT,0.7295,STOPPED,0.715912,-1.86,2026-09-28T18:54:21.717869+00:00
NEW AdvancedConfluence,APT/USDT,CHoCH,2026-09-24 06:00 PM PKT,0.794,STOPPED,0.797144,0.4,2026-09-28T18:54:21.719388+00:00
CE Buy-Only,APT/USDT,Chandelier Cross,2026-09-11 05:00 PM PKT,0.6138,STOPPED,0.604864,-1.46,2026-09-28T18:54:21.724367+00:00
CE Buy-Only,APT/USDT,Chandelier Cross,2026-09-13 03:00 AM PKT,0.5996,STOPPED,0.6027,0.52,2026-09-28T18:54:21.726465+00:00
CE Buy-Only,APT/USDT,Chandelier Cross,2026-09-15 01:00 PM PKT,0.5839,STOPPED,0.5841,0.03,2026-09-28T18:54:21.728530+00:00
CE Buy-Only,PLUME/USDT,Chandelier Cross,2026-09-14 05:00 AM PKT,0.012984,STOPPED,0.012989,0.04,2026-09-28T18:54:22.401287+00:00
CE Buy-Only,PLUME/USDT,Chandelier Cross,2026-09-20 04:00 PM PKT,0.013303,STOPPED,0.013381,0.59,2026-09-28T18:54:22.403393+00:00
Pullback-in-Uptrend,PLUME/USDT,EMA20 Pullback,2026-09-24 09:00 AM PKT,0.01618,STOPPED,0.01836,13.47,2026-09-28T18:54:22.410739+00:00
Pullback-in-Uptrend,PLUME/USDT,EMA20 Pullback,2026-09-25 08:00 AM PKT,0.01763,STOPPED,0.01836,4.14,2026-09-28T18:54:22.413135+00:00
Pullback-in-Uptrend,PLUME/USDT,EMA20 Pullback,2026-09-26 02:00 AM PKT,0.018851,STOPPED,0.01836,-2.6,2026-09-28T18:54:22.414976+00:00
Pullback-in-Uptrend,PLUME/USDT,EMA20 Pullback,2026-09-27 01:00 PM PKT,0.0185,STOPPED,0.017741,-4.1,2026-09-28T18:54:22.416987+00:00
Pullback-in-Uptrend,PLUME/USDT,EMA20 Pullback,2026-09-28 09:00 AM PKT,0.018771,STOPPED,0.017261,-8.04,2026-09-28T18:54:22.418404+00:00
Donchian Breakout,PLUME/USDT,20-period High,2026-09-24 12:00 PM PKT,0.016939,STOPPED,0.01836,8.39,2026-09-28T18:54:22.425073+00:00
Donchian Breakout,PLUME/USDT,20-period High,2026-09-25 06:00 PM PKT,0.019311,STOPPED,0.01836,-4.92,2026-09-28T18:54:22.427139+00:00
Donchian Breakout,PLUME/USDT,20-period High,2026-09-27 03:00 PM PKT,0.018971,STOPPED,0.017741,-6.48,2026-09-28T18:54:22.429047+00:00
NEW AdvancedConfluence,CRO/USDT,CHoCH,2026-09-14 03:00 PM PKT,0.05922,STOPPED,0.058607,-1.04,2026-09-28T18:54:23.117540+00:00
CE Buy-Only,CRO/USDT,Chandelier Cross,2026-09-09 03:00 AM PKT,0.05927,STOPPED,0.058691,-0.98,2026-09-28T18:54:23.122201+00:00
CE Buy-Only,CRO/USDT,Chandelier Cross,2026-09-10 04:00 PM PKT,0.05639,STOPPED,0.056027,-0.64,2026-09-28T18:54:23.124265+00:00
CE Buy-Only,CRO/USDT,Chandelier Cross,2026-09-23 09:00 PM PKT,0.06184,STOPPED,0.061773,-0.11,2026-09-28T18:54:23.126326+00:00
NEW AdvancedConfluence,STRK/USDT,CHoCH,2026-09-17 10:00 PM PKT,0.02861,TARGET,0.030646,7.12,2026-09-28T18:54:23.814761+00:00
CE Buy-Only,STRK/USDT,Chandelier Cross,2026-09-10 03:00 PM PKT,0.02935,STOPPED,0.02922,-0.44,2026-09-28T18:54:23.819560+00:00
CE Buy-Only,STRK/USDT,Chandelier Cross,2026-09-15 02:00 PM PKT,0.02821,STOPPED,0.02803,-0.64,2026-09-28T18:54:23.821665+00:00
CE Buy-Only,STRK/USDT,Chandelier Cross,2026-09-24 05:00 AM PKT,0.03825,STOPPED,0.038171,-0.21,2026-09-28T18:54:23.823726+00:00
CE Buy-Only,STRK/USDT,Chandelier Cross,2026-09-27 08:00 AM PKT,0.04008,STOPPED,0.039901,-0.45,2026-09-28T18:54:23.825798+00:00
Pullback-in-Uptrend,STRK/USDT,EMA20 Pullback,2026-09-20 08:00 AM PKT,0.04462,STOPPED,0.044507,-0.25,2026-09-28T18:54:23.832536+00:00
Donchian Breakout,STRK/USDT,20-period High,2026-09-20 06:00 PM PKT,0.0477,STOPPED,0.044507,-6.69,2026-09-28T18:54:23.839878+00:00
CE Buy-Only,BILL/USDT,Chandelier Cross,2026-09-24 03:00 AM PKT,0.0122,STOPPED,0.012195,-0.04,2026-09-28T18:54:24.486217+00:00
CE Buy-Only,BILL/USDT,Chandelier Cross,2026-09-25 09:00 PM PKT,0.01287,STOPPED,0.01292,0.39,2026-09-28T18:54:24.488384+00:00
CE Buy-Only,BILL/USDT,Chandelier Cross,2026-09-27 11:00 AM PKT,0.01309,STOPPED,0.01308,-0.08,2026-09-28T18:54:24.490481+00:00
CE Buy-Only,BILL/USDT,Chandelier Cross,2026-09-28 04:00 PM PKT,0.01122,STOPPED,0.01128,0.53,2026-09-28T18:54:24.492581+00:00
CE Buy-Only,W/USDT,Chandelier Cross,2026-09-15 05:00 PM PKT,0.0097,STOPPED,0.009617,-0.86,2026-09-28T18:54:25.161554+00:00
CE Buy-Only,W/USDT,Chandelier Cross,2026-09-24 03:00 AM PKT,0.01123,STOPPED,0.011195,-0.31,2026-09-28T18:54:25.163663+00:00
CE Buy-Only,W/USDT,Chandelier Cross,2026-09-28 03:00 PM PKT,0.01407,STOPPED,0.01407,0.0,2026-09-28T18:54:25.165788+00:00
NEW AdvancedConfluence,TEL/USDT,CHoCH,2026-09-09 04:00 AM PKT,0.001785,TARGET,0.001898,6.33,2026-09-28T18:54:25.837730+00:00
NEW AdvancedConfluence,TEL/USDT,CHoCH,2026-09-21 01:00 PM PKT,0.00157,STOPPED,0.001606,2.29,2026-09-28T18:54:25.839484+00:00
CE Buy-Only,TEL/USDT,Chandelier Cross,2026-09-12 02:00 PM PKT,0.00169,STOPPED,0.001684,-0.36,2026-09-28T18:54:25.844723+00:00
CE Buy-Only,TEL/USDT,Chandelier Cross,2026-09-13 02:00 PM PKT,0.001591,STOPPED,0.001588,-0.19,2026-09-28T18:54:25.846817+00:00
CE Buy-Only,TEL/USDT,Chandelier Cross,2026-09-15 01:00 PM PKT,0.001579,STOPPED,0.001577,-0.13,2026-09-28T18:54:25.848945+00:00
CE Buy-Only,TEL/USDT,Chandelier Cross,2026-09-24 09:00 PM PKT,0.00164,STOPPED,0.001624,-0.98,2026-09-28T18:54:25.851002+00:00
Union AB,PYTH/USDT,EMA+Breakout,2026-09-18 08:00 AM PKT,0.05957,STOPPED,0.058867,-1.18,2026-09-28T18:54:26.527858+00:00
Union AB,PYTH/USDT,EMA+Breakout,2026-09-24 08:00 PM PKT,0.07028,TARGET,0.08459,20.36,2026-09-28T18:54:26.531519+00:00
Union AB,PYTH/USDT,EMA+Breakout,2026-09-25 04:00 PM PKT,0.07188,TARGET,0.081592,13.51,2026-09-28T18:54:26.534545+00:00
Union AB Backup Tier,PYTH/USDT,EMA+Breakout,2026-09-18 08:00 AM PKT,0.05957,STOPPED,0.058867,-1.18,2026-09-28T18:54:26.537381+00:00
Union AB Backup Tier,PYTH/USDT,EMA+Breakout,2026-09-24 08:00 PM PKT,0.07028,TARGET,0.08459,20.36,2026-09-28T18:54:26.540403+00:00
Union AB Backup Tier,PYTH/USDT,EMA+Breakout,2026-09-25 04:00 PM PKT,0.07188,TARGET,0.081592,13.51,2026-09-28T18:54:26.542788+00:00
CE Buy-Only,PYTH/USDT,Chandelier Cross,2026-09-10 09:00 AM PKT,0.05229,STOPPED,0.05294,1.24,2026-09-28T18:54:26.567753+00:00
CE Buy-Only,PYTH/USDT,Chandelier Cross,2026-09-14 06:00 PM PKT,0.055,STOPPED,0.054878,-0.22,2026-09-28T18:54:26.569849+00:00
CE Buy-Only,PYTH/USDT,Chandelier Cross,2026-09-15 08:00 PM PKT,0.05373,STOPPED,0.05463,1.68,2026-09-28T18:54:26.571983+00:00
CE Buy-Only,PYTH/USDT,Chandelier Cross,2026-09-20 02:00 PM PKT,0.05819,STOPPED,0.058017,-0.3,2026-09-28T18:54:26.574069+00:00
Pullback-in-Uptrend,PYTH/USDT,EMA20 Pullback,2026-09-18 11:00 PM PKT,0.05991,STOPPED,0.058737,-1.96,2026-09-28T18:54:26.581223+00:00
Pullback-in-Uptrend,PYTH/USDT,EMA20 Pullback,2026-09-19 04:00 PM PKT,0.06102,STOPPED,0.058734,-3.75,2026-09-28T18:54:26.583077+00:00
Pullback-in-Uptrend,PYTH/USDT,EMA20 Pullback,2026-09-22 07:00 PM PKT,0.06611,STOPPED,0.065837,-0.41,2026-09-28T18:54:26.584966+00:00
Pullback-in-Uptrend,PYTH/USDT,EMA20 Pullback,2026-09-24 12:00 PM PKT,0.06494,STOPPED,0.079453,22.35,2026-09-28T18:54:26.589486+00:00
Pullback-in-Uptrend,PYTH/USDT,EMA20 Pullback,2026-09-25 12:00 PM PKT,0.06902,STOPPED,0.079453,15.12,2026-09-28T18:54:26.592970+00:00
Pullback-in-Uptrend,PYTH/USDT,EMA20 Pullback,2026-09-26 09:00 AM PKT,0.07393,STOPPED,0.079453,7.47,2026-09-28T18:54:26.595887+00:00
Pullback-in-Uptrend,PYTH/USDT,EMA20 Pullback,2026-09-27 09:00 PM PKT,0.08428,STOPPED,0.079453,-5.73,2026-09-28T18:54:26.597703+00:00
Donchian Breakout,PYTH/USDT,20-period High,2026-09-18 06:00 AM PKT,0.05752,STOPPED,0.058737,2.12,2026-09-28T18:54:26.604027+00:00
Donchian Breakout,PYTH/USDT,20-period High,2026-09-19 07:00 AM PKT,0.06173,STOPPED,0.058737,-4.85,2026-09-28T18:54:26.606135+00:00
Donchian Breakout,PYTH/USDT,20-period High,2026-09-20 06:00 AM PKT,0.0618,STOPPED,0.058734,-4.96,2026-09-28T18:54:26.607544+00:00
Donchian Breakout,PYTH/USDT,20-period High,2026-09-22 07:00 PM PKT,0.06611,STOPPED,0.065837,-0.41,2026-09-28T18:54:26.609208+00:00
Donchian Breakout,PYTH/USDT,20-period High,2026-09-24 08:00 PM PKT,0.07028,STOPPED,0.079453,13.05,2026-09-28T18:54:26.613181+00:00
Donchian Breakout,PYTH/USDT,20-period High,2026-09-25 03:00 PM PKT,0.07128,STOPPED,0.079453,11.47,2026-09-28T18:54:26.616599+00:00
Donchian Breakout,PYTH/USDT,20-period High,2026-09-26 03:00 PM PKT,0.07623,STOPPED,0.079453,4.23,2026-09-28T18:54:26.619318+00:00
Donchian Breakout,PYTH/USDT,20-period High,2026-09-27 10:00 AM PKT,0.08478,STOPPED,0.079453,-6.28,2026-09-28T18:54:26.621383+00:00
NEW AdvancedConfluence,ORDI/USDT,CHoCH,2026-09-26 03:00 AM PKT,4.719,STOPPED,4.734687,0.33,2026-09-28T18:54:27.287921+00:00
CE Buy-Only,ORDI/USDT,Chandelier Cross,2026-09-13 06:00 PM PKT,4.116,STOPPED,4.1,-0.39,2026-09-28T18:54:27.292846+00:00
CE Buy-Only,ORDI/USDT,Chandelier Cross,2026-09-20 08:00 AM PKT,4.506,STOPPED,4.499636,-0.14,2026-09-28T18:54:27.294941+00:00
CE Buy-Only,ORDI/USDT,Chandelier Cross,2026-09-23 09:00 PM PKT,4.465,STOPPED,4.457,-0.18,2026-09-28T18:54:27.297014+00:00
CE Buy-Only,ORDI/USDT,Chandelier Cross,2026-09-27 04:00 AM PKT,4.884,STOPPED,4.862,-0.45,2026-09-28T18:54:27.299063+00:00
CE Buy-Only,ORDI/USDT,Chandelier Cross,2026-09-28 03:00 PM PKT,4.536,STOPPED,4.541,0.11,2026-09-28T18:54:27.301144+00:00
NEW AdvancedConfluence,READY/USDT,CHoCH,2026-09-08 10:00 PM PKT,0.004794,STOPPED,0.004513,-5.86,2026-09-28T18:54:27.963422+00:00
CE Buy-Only,READY/USDT,Chandelier Cross,2026-09-09 10:00 AM PKT,0.004203,STOPPED,0.004193,-0.24,2026-09-28T18:54:27.968025+00:00
CE Buy-Only,READY/USDT,Chandelier Cross,2026-09-13 09:00 AM PKT,0.004267,STOPPED,0.004296,0.68,2026-09-28T18:54:27.970113+00:00
CE Buy-Only,READY/USDT,Chandelier Cross,2026-09-14 07:00 AM PKT,0.003906,STOPPED,0.003895,-0.28,2026-09-28T18:54:27.972183+00:00
CE Buy-Only,READY/USDT,Chandelier Cross,2026-09-16 12:00 AM PKT,0.00422,STOPPED,0.003681,-12.77,2026-09-28T18:54:27.974273+00:00
CE Buy-Only,READY/USDT,Chandelier Cross,2026-09-18 06:00 PM PKT,0.003315,STOPPED,0.003309,-0.18,2026-09-28T18:54:27.976347+00:00
CE Buy-Only,READY/USDT,Chandelier Cross,2026-09-21 08:00 PM PKT,0.003141,STOPPED,0.003104,-1.18,2026-09-28T18:54:27.978417+00:00
CE Buy-Only,READY/USDT,Chandelier Cross,2026-09-23 02:00 AM PKT,0.002802,STOPPED,0.002776,-0.93,2026-09-28T18:54:27.980445+00:00
CE Buy-Only,READY/USDT,Chandelier Cross,2026-09-25 10:00 PM PKT,0.002797,STOPPED,0.00278,-0.61,2026-09-28T18:54:27.982490+00:00
NEW AdvancedConfluence,CFG/USDT,CHoCH,2026-09-18 06:00 AM PKT,0.1184,STOPPED,0.123306,4.14,2026-09-28T18:54:28.694843+00:00
CE Buy-Only,CFG/USDT,Chandelier Cross,2026-09-11 05:00 AM PKT,0.1054,STOPPED,0.105032,-0.35,2026-09-28T18:54:28.700700+00:00
CE Buy-Only,CFG/USDT,Chandelier Cross,2026-09-15 10:00 AM PKT,0.1047,STOPPED,0.104,-0.67,2026-09-28T18:54:28.702797+00:00
NEW AdvancedConfluence,CP/USDT,CHoCH,2026-09-25 09:00 PM PKT,0.01343,STOPPED,0.013526,0.71,2026-09-28T18:54:29.106291+00:00
CE Buy-Only,CP/USDT,Chandelier Cross,2026-09-08 09:00 PM PKT,0.01811,STOPPED,0.017637,-2.61,2026-09-28T18:54:29.110467+00:00
CE Buy-Only,CP/USDT,Chandelier Cross,2026-09-13 12:00 PM PKT,0.01402,STOPPED,0.013878,-1.01,2026-09-28T18:54:29.112131+00:00
CE Buy-Only,CP/USDT,Chandelier Cross,2026-09-20 08:00 AM PKT,0.01345,STOPPED,0.01336,-0.67,2026-09-28T18:54:29.113830+00:00
CE Buy-Only,CP/USDT,Chandelier Cross,2026-09-24 02:00 AM PKT,0.01278,STOPPED,0.012712,-0.53,2026-09-28T18:54:29.115493+00:00
CE Buy-Only,ETC/USDT,Chandelier Cross,2026-09-13 06:00 AM PKT,7.6426,STOPPED,7.6347,-0.1,2026-09-28T18:54:29.780968+00:00
CE Buy-Only,ETC/USDT,Chandelier Cross,2026-09-15 01:00 PM PKT,7.4165,STOPPED,7.4389,0.3,2026-09-28T18:54:29.783077+00:00
CE Buy-Only,XPR/USDT,Chandelier Cross,2026-09-10 09:00 AM PKT,0.002804,STOPPED,0.002796,-0.29,2026-09-28T18:54:30.582592+00:00
CE Buy-Only,XPR/USDT,Chandelier Cross,2026-09-13 12:00 AM PKT,0.002551,STOPPED,0.002546,-0.2,2026-09-28T18:54:30.584723+00:00
CE Buy-Only,XPR/USDT,Chandelier Cross,2026-09-14 04:00 AM PKT,0.0026,STOPPED,0.002597,-0.12,2026-09-28T18:54:30.586833+00:00
CE Buy-Only,XPR/USDT,Chandelier Cross,2026-09-16 08:00 PM PKT,0.00244,STOPPED,0.002421,-0.78,2026-09-28T18:54:30.588949+00:00
CE Buy-Only,XPR/USDT,Chandelier Cross,2026-09-20 02:00 PM PKT,0.00252,STOPPED,0.002519,-0.04,2026-09-28T18:54:30.591085+00:00
CE Buy-Only,XPR/USDT,Chandelier Cross,2026-09-24 08:00 PM PKT,0.002435,STOPPED,0.002448,0.53,2026-09-28T18:54:30.593208+00:00
Union AB,STX/USDT,Ichimoku+MS,2026-09-13 07:00 AM PKT,0.2741,STOPPED,0.266766,-2.68,2026-09-28T18:54:31.237438+00:00
Union AB,STX/USDT,Ichimoku+MS,2026-09-19 01:00 AM PKT,0.2821,TARGET,0.306056,8.49,2026-09-28T18:54:31.239880+00:00
Union AB,STX/USDT,Ichimoku+MS,2026-09-26 12:00 PM PKT,0.3461,STOPPED,0.338366,-2.23,2026-09-28T18:54:31.242976+00:00
Union AB Backup Tier,STX/USDT,Ichimoku+MS,2026-09-13 07:00 AM PKT,0.2741,STOPPED,0.266766,-2.68,2026-09-28T18:54:31.245022+00:00
Union AB Backup Tier,STX/USDT,Ichimoku+MS,2026-09-19 01:00 AM PKT,0.2821,TARGET,0.306056,8.49,2026-09-28T18:54:31.246785+00:00
Union AB Backup Tier,STX/USDT,Ichimoku+MS,2026-09-26 12:00 PM PKT,0.3461,STOPPED,0.338366,-2.23,2026-09-28T18:54:31.249307+00:00
Union AB,STX/USDT,EMA+Breakout,2026-09-19 03:00 PM PKT,0.2996,TARGET,0.3423,14.25,2026-09-28T18:54:31.255432+00:00
Union AB,STX/USDT,EMA+Breakout,2026-09-25 04:00 PM PKT,0.3269,STOPPED,0.336838,3.04,2026-09-28T18:54:31.259074+00:00
Union AB,STX/USDT,EMA+Breakout,2026-09-26 12:00 PM PKT,0.3461,STOPPED,0.336838,-2.68,2026-09-28T18:54:31.262204+00:00
Union AB Backup Tier,STX/USDT,EMA+Breakout,2026-09-19 03:00 PM PKT,0.2996,TARGET,0.3423,14.25,2026-09-28T18:54:31.265318+00:00
Union AB Backup Tier,STX/USDT,EMA+Breakout,2026-09-25 04:00 PM PKT,0.3269,STOPPED,0.336838,3.04,2026-09-28T18:54:31.268368+00:00
Union AB Backup Tier,STX/USDT,EMA+Breakout,2026-09-26 12:00 PM PKT,0.3461,STOPPED,0.336838,-2.68,2026-09-28T18:54:31.270833+00:00
NEW AdvancedConfluence,STX/USDT,CHoCH,2026-09-13 07:00 AM PKT,0.2741,STOPPED,0.270356,-1.37,2026-09-28T18:54:31.293587+00:00
NEW AdvancedConfluence,STX/USDT,CHoCH,2026-09-18 06:00 AM PKT,0.2577,TARGET,0.275812,7.03,2026-09-28T18:54:31.294896+00:00
CE Buy-Only,STX/USDT,Chandelier Cross,2026-09-08 02:00 PM PKT,0.2706,STOPPED,0.2689,-0.63,2026-09-28T18:54:31.299652+00:00
CE Buy-Only,STX/USDT,Chandelier Cross,2026-09-11 08:00 AM PKT,0.2544,STOPPED,0.2556,0.47,2026-09-28T18:54:31.301793+00:00
CE Buy-Only,STX/USDT,Chandelier Cross,2026-09-16 07:00 AM PKT,0.2396,STOPPED,0.238986,-0.26,2026-09-28T18:54:31.303862+00:00
CE Buy-Only,STX/USDT,Chandelier Cross,2026-09-28 04:00 PM PKT,0.3166,STOPPED,0.3198,1.01,2026-09-28T18:54:31.305937+00:00
Pullback-in-Uptrend,STX/USDT,EMA20 Pullback,2026-09-09 01:00 PM PKT,0.2744,STOPPED,0.266575,-2.85,2026-09-28T18:54:31.311055+00:00
Pullback-in-Uptrend,STX/USDT,EMA20 Pullback,2026-09-12 10:00 PM PKT,0.2661,STOPPED,0.266766,0.25,2026-09-28T18:54:31.313346+00:00
Pullback-in-Uptrend,STX/USDT,EMA20 Pullback,2026-09-13 02:00 PM PKT,0.2741,STOPPED,0.266766,-2.68,2026-09-28T18:54:31.315136+00:00
Pullback-in-Uptrend,STX/USDT,EMA20 Pullback,2026-09-19 11:00 AM PKT,0.2809,STOPPED,0.327644,16.64,2026-09-28T18:54:31.319657+00:00
Pullback-in-Uptrend,STX/USDT,EMA20 Pullback,2026-09-20 08:00 AM PKT,0.3232,STOPPED,0.327644,1.38,2026-09-28T18:54:31.323351+00:00
Pullback-in-Uptrend,STX/USDT,EMA20 Pullback,2026-09-21 01:00 AM PKT,0.3268,STOPPED,0.327644,0.26,2026-09-28T18:54:31.326504+00:00
Pullback-in-Uptrend,STX/USDT,EMA20 Pullback,2026-09-21 07:00 PM PKT,0.3353,STOPPED,0.327644,-2.28,2026-09-28T18:54:31.329146+00:00
Pullback-in-Uptrend,STX/USDT,EMA20 Pullback,2026-09-22 03:00 PM PKT,0.3439,STOPPED,0.327644,-4.73,2026-09-28T18:54:31.331180+00:00
Pullback-in-Uptrend,STX/USDT,EMA20 Pullback,2026-09-24 09:00 PM PKT,0.3139,STOPPED,0.338366,7.79,2026-09-28T18:54:31.334814+00:00
Pullback-in-Uptrend,STX/USDT,EMA20 Pullback,2026-09-25 01:00 PM PKT,0.3174,STOPPED,0.338366,6.61,2026-09-28T18:54:31.338031+00:00
Pullback-in-Uptrend,STX/USDT,EMA20 Pullback,2026-09-26 05:00 AM PKT,0.3287,STOPPED,0.338366,2.94,2026-09-28T18:54:31.340756+00:00
Pullback-in-Uptrend,STX/USDT,EMA20 Pullback,2026-09-27 04:00 AM PKT,0.3431,STOPPED,0.338366,-1.38,2026-09-28T18:54:31.342789+00:00
Donchian Breakout,STX/USDT,20-period High,2026-09-09 04:00 PM PKT,0.276,STOPPED,0.266575,-3.41,2026-09-28T18:54:31.347260+00:00
Donchian Breakout,STX/USDT,20-period High,2026-09-12 02:00 PM PKT,0.2695,STOPPED,0.266766,-1.01,2026-09-28T18:54:31.349980+00:00
Donchian Breakout,STX/USDT,20-period High,2026-09-13 07:00 AM PKT,0.2741,STOPPED,0.266766,-2.68,2026-09-28T18:54:31.352004+00:00
Donchian Breakout,STX/USDT,20-period High,2026-09-18 09:00 AM PKT,0.271,STOPPED,0.327644,20.9,2026-09-28T18:54:31.357253+00:00
Donchian Breakout,STX/USDT,20-period High,2026-09-19 01:00 AM PKT,0.2821,STOPPED,0.327644,16.14,2026-09-28T18:54:31.361803+00:00
Donchian Breakout,STX/USDT,20-period High,2026-09-20 06:00 AM PKT,0.3318,STOPPED,0.327644,-1.25,2026-09-28T18:54:31.365514+00:00
Donchian Breakout,STX/USDT,20-period High,2026-09-21 04:00 AM PKT,0.3366,STOPPED,0.327644,-2.66,2026-09-28T18:54:31.368623+00:00
Donchian Breakout,STX/USDT,20-period High,2026-09-22 01:00 AM PKT,0.3478,STOPPED,0.327644,-5.8,2026-09-28T18:54:31.371086+00:00
Donchian Breakout,STX/USDT,20-period High,2026-09-25 04:00 PM PKT,0.3269,STOPPED,0.338366,3.51,2026-09-28T18:54:31.374207+00:00
Donchian Breakout,STX/USDT,20-period High,2026-09-26 12:00 PM PKT,0.3461,STOPPED,0.338366,-2.23,2026-09-28T18:54:31.376706+00:00
Donchian Breakout,STX/USDT,20-period High,2026-09-27 10:00 AM PKT,0.3572,STOPPED,0.338366,-5.27,2026-09-28T18:54:31.378488+00:00
Union AB,NPC/USDT,EMA+Breakout,2026-09-08 07:00 PM PKT,0.02051,STOPPED,0.019677,-4.06,2026-09-28T18:54:32.084885+00:00
Union AB,NPC/USDT,EMA+Breakout,2026-09-11 05:00 PM PKT,0.02064,STOPPED,0.019286,-6.56,2026-09-28T18:54:32.087046+00:00
Union AB,NPC/USDT,EMA+Breakout,2026-09-14 01:00 AM PKT,0.02168,STOPPED,0.021662,-0.08,2026-09-28T18:54:32.089992+00:00
Union AB Backup Tier,NPC/USDT,EMA+Breakout,2026-09-08 07:00 PM PKT,0.02051,STOPPED,0.019677,-4.06,2026-09-28T18:54:32.091898+00:00
Union AB Backup Tier,NPC/USDT,EMA+Breakout,2026-09-11 05:00 PM PKT,0.02064,STOPPED,0.019286,-6.56,2026-09-28T18:54:32.093415+00:00
Union AB Backup Tier,NPC/USDT,EMA+Breakout,2026-09-14 01:00 AM PKT,0.02168,STOPPED,0.021662,-0.08,2026-09-28T18:54:32.095669+00:00
CE Buy-Only,NPC/USDT,Chandelier Cross,2026-09-08 03:00 PM PKT,0.01786,STOPPED,0.01825,2.18,2026-09-28T18:54:32.120445+00:00
CE Buy-Only,NPC/USDT,Chandelier Cross,2026-09-09 09:00 AM PKT,0.01969,STOPPED,0.01921,-2.44,2026-09-28T18:54:32.122579+00:00
CE Buy-Only,NPC/USDT,Chandelier Cross,2026-09-10 05:00 AM PKT,0.0193,STOPPED,0.019208,-0.48,2026-09-28T18:54:32.124648+00:00
CE Buy-Only,NPC/USDT,Chandelier Cross,2026-09-11 05:00 PM PKT,0.02064,STOPPED,0.020691,0.25,2026-09-28T18:54:32.126726+00:00
CE Buy-Only,NPC/USDT,Chandelier Cross,2026-09-13 07:00 AM PKT,0.01969,STOPPED,0.019628,-0.31,2026-09-28T18:54:32.128820+00:00
CE Buy-Only,NPC/USDT,Chandelier Cross,2026-09-20 12:00 PM PKT,0.02231,STOPPED,0.02248,0.76,2026-09-28T18:54:32.130913+00:00
CE Buy-Only,NPC/USDT,Chandelier Cross,2026-09-28 01:00 PM PKT,0.02104,STOPPED,0.02097,-0.33,2026-09-28T18:54:32.133005+00:00
Pullback-in-Uptrend,NPC/USDT,EMA20 Pullback,2026-09-08 07:00 PM PKT,0.02051,STOPPED,0.019267,-6.06,2026-09-28T18:54:32.137938+00:00
Pullback-in-Uptrend,NPC/USDT,EMA20 Pullback,2026-09-09 01:00 PM PKT,0.02037,STOPPED,0.019136,-6.06,2026-09-28T18:54:32.139707+00:00
Pullback-in-Uptrend,NPC/USDT,EMA20 Pullback,2026-09-11 05:00 PM PKT,0.02064,STOPPED,0.019786,-4.14,2026-09-28T18:54:32.141245+00:00
Pullback-in-Uptrend,NPC/USDT,EMA20 Pullback,2026-09-12 09:00 AM PKT,0.01997,STOPPED,0.02011,0.7,2026-09-28T18:54:32.142768+00:00
Pullback-in-Uptrend,NPC/USDT,EMA20 Pullback,2026-09-13 06:00 PM PKT,0.02023,STOPPED,0.021964,8.57,2026-09-28T18:54:32.145301+00:00
Pullback-in-Uptrend,NPC/USDT,EMA20 Pullback,2026-09-14 12:00 PM PKT,0.0209,STOPPED,0.021964,5.09,2026-09-28T18:54:32.147282+00:00
Pullback-in-Uptrend,NPC/USDT,EMA20 Pullback,2026-09-15 05:00 AM PKT,0.02237,STOPPED,0.021565,-3.6,2026-09-28T18:54:32.148916+00:00
Pullback-in-Uptrend,NPC/USDT,EMA20 Pullback,2026-09-16 04:00 PM PKT,0.0208,STOPPED,0.023358,12.3,2026-09-28T18:54:32.152424+00:00
Pullback-in-Uptrend,NPC/USDT,EMA20 Pullback,2026-09-17 11:00 AM PKT,0.02111,STOPPED,0.023358,10.65,2026-09-28T18:54:32.155417+00:00
Pullback-in-Uptrend,NPC/USDT,EMA20 Pullback,2026-09-18 10:00 AM PKT,0.0222,STOPPED,0.023358,5.22,2026-09-28T18:54:32.157698+00:00
Pullback-in-Uptrend,NPC/USDT,EMA20 Pullback,2026-09-19 01:00 PM PKT,0.02385,STOPPED,0.023358,-2.06,2026-09-28T18:54:32.159177+00:00
Pullback-in-Uptrend,NPC/USDT,EMA20 Pullback,2026-09-20 09:00 PM PKT,0.0235,STOPPED,0.023555,0.23,2026-09-28T18:54:32.161556+00:00
Pullback-in-Uptrend,NPC/USDT,EMA20 Pullback,2026-09-23 08:00 AM PKT,0.02399,STOPPED,0.023211,-3.25,2026-09-28T18:54:32.163262+00:00
Pullback-in-Uptrend,NPC/USDT,EMA20 Pullback,2026-09-26 01:00 PM PKT,0.02335,STOPPED,0.022968,-1.64,2026-09-28T18:54:32.165402+00:00
Donchian Breakout,NPC/USDT,20-period High,2026-09-08 07:00 PM PKT,0.02051,STOPPED,0.019267,-6.06,2026-09-28T18:54:32.169635+00:00
Donchian Breakout,NPC/USDT,20-period High,2026-09-11 05:00 PM PKT,0.02064,STOPPED,0.019786,-4.14,2026-09-28T18:54:32.171193+00:00
Donchian Breakout,NPC/USDT,20-period High,2026-09-13 09:00 PM PKT,0.02071,STOPPED,0.021964,6.06,2026-09-28T18:54:32.173588+00:00
Donchian Breakout,NPC/USDT,20-period High,2026-09-14 06:00 PM PKT,0.02245,STOPPED,0.021964,-2.16,2026-09-28T18:54:32.175405+00:00
Donchian Breakout,NPC/USDT,20-period High,2026-09-18 10:00 PM PKT,0.02414,STOPPED,0.023358,-3.24,2026-09-28T18:54:32.177339+00:00
Donchian Breakout,NPC/USDT,20-period High,2026-09-20 10:00 PM PKT,0.0243,STOPPED,0.023555,-3.07,2026-09-28T18:54:32.179703+00:00
Donchian Breakout,NPC/USDT,20-period High,2026-09-23 01:00 PM PKT,0.0248,STOPPED,0.023211,-6.41,2026-09-28T18:54:32.181262+00:00
Donchian Breakout,NPC/USDT,20-period High,2026-09-26 01:00 PM PKT,0.02335,STOPPED,0.022968,-1.64,2026-09-28T18:54:32.183401+00:00
CE Buy-Only,XCN/USDT,Chandelier Cross,2026-09-19 05:00 PM PKT,0.004233,STOPPED,0.004233,0.0,2026-09-28T18:54:32.905706+00:00
CE Buy-Only,ULTIMA/USDT,Chandelier Cross,2026-09-11 01:00 AM PKT,2019.01,STOPPED,2006.0,-0.64,2026-09-28T18:54:33.635434+00:00
CE Buy-Only,ULTIMA/USDT,Chandelier Cross,2026-09-13 12:00 AM PKT,1962.63,STOPPED,1976.22,0.69,2026-09-28T18:54:33.637598+00:00
CE Buy-Only,ULTIMA/USDT,Chandelier Cross,2026-09-22 02:00 PM PKT,1894.2,STOPPED,1914.88,1.09,2026-09-28T18:54:33.639707+00:00
NEW AdvancedConfluence,LDO/USDT,CHoCH,2026-09-25 12:00 PM PKT,0.4576,STOPPED,0.446419,-2.44,2026-09-28T18:54:34.324815+00:00
CE Buy-Only,LDO/USDT,Chandelier Cross,2026-09-13 04:00 AM PKT,0.3713,STOPPED,0.3707,-0.16,2026-09-28T18:54:34.329442+00:00
CE Buy-Only,LDO/USDT,Chandelier Cross,2026-09-15 03:00 PM PKT,0.3576,STOPPED,0.356441,-0.32,2026-09-28T18:54:34.331498+00:00
CE Buy-Only,LDO/USDT,Chandelier Cross,2026-09-23 10:00 PM PKT,0.3917,STOPPED,0.390282,-0.36,2026-09-28T18:54:34.333552+00:00
Pullback-in-Uptrend,LDO/USDT,EMA20 Pullback,2026-09-25 07:00 PM PKT,0.4543,STOPPED,0.470875,3.65,2026-09-28T18:54:34.341529+00:00
Pullback-in-Uptrend,LDO/USDT,EMA20 Pullback,2026-09-27 10:00 AM PKT,0.4869,STOPPED,0.470875,-3.29,2026-09-28T18:54:34.343797+00:00
Pullback-in-Uptrend,LDO/USDT,EMA20 Pullback,2026-09-28 02:00 AM PKT,0.4917,STOPPED,0.469016,-4.61,2026-09-28T18:54:34.345364+00:00
Donchian Breakout,LDO/USDT,20-period High,2026-09-25 12:00 PM PKT,0.4576,STOPPED,0.470875,2.9,2026-09-28T18:54:34.352735+00:00
Donchian Breakout,LDO/USDT,20-period High,2026-09-27 11:00 PM PKT,0.4969,STOPPED,0.470338,-5.35,2026-09-28T18:54:34.354393+00:00
CE Buy-Only,GRVT/USDT,Chandelier Cross,2026-09-12 09:00 PM PKT,0.1697,STOPPED,0.1702,0.29,2026-09-28T18:54:35.001602+00:00
CE Buy-Only,GRVT/USDT,Chandelier Cross,2026-09-15 03:00 PM PKT,0.1699,STOPPED,0.167194,-1.59,2026-09-28T18:54:35.003602+00:00
CE Buy-Only,GRVT/USDT,Chandelier Cross,2026-09-16 09:00 PM PKT,0.1661,STOPPED,0.185131,11.46,2026-09-28T18:54:35.007244+00:00
CE Buy-Only,GRVT/USDT,Chandelier Cross,2026-09-27 08:00 AM PKT,0.2007,STOPPED,0.2001,-0.3,2026-09-28T18:54:35.009212+00:00
Union AB,PEAQ/USDT,Ichimoku+MS,2026-09-24 05:00 PM PKT,0.03942,TARGET,0.047701,21.01,2026-09-28T18:54:35.686749+00:00
Union AB Backup Tier,PEAQ/USDT,Ichimoku+MS,2026-09-24 05:00 PM PKT,0.03942,TARGET,0.047701,21.01,2026-09-28T18:54:35.688592+00:00
Union AB,PEAQ/USDT,EMA+Breakout,2026-09-24 05:00 PM PKT,0.03942,STOPPED,0.039876,1.16,2026-09-28T18:54:35.693406+00:00
Union AB Backup Tier,PEAQ/USDT,EMA+Breakout,2026-09-24 05:00 PM PKT,0.03942,STOPPED,0.039876,1.16,2026-09-28T18:54:35.695990+00:00
NEW AdvancedConfluence,PEAQ/USDT,CHoCH,2026-09-08 10:00 PM PKT,0.03276,STOPPED,0.030225,-7.74,2026-09-28T18:54:35.718162+00:00
CE Buy-Only,PEAQ/USDT,Chandelier Cross,2026-09-10 04:00 AM PKT,0.02743,STOPPED,0.026684,-2.72,2026-09-28T18:54:35.722841+00:00
CE Buy-Only,PEAQ/USDT,Chandelier Cross,2026-09-13 04:00 PM PKT,0.0242,STOPPED,0.02446,1.07,2026-09-28T18:54:35.724960+00:00
CE Buy-Only,PEAQ/USDT,Chandelier Cross,2026-09-20 02:00 PM PKT,0.02886,STOPPED,0.02883,-0.1,2026-09-28T18:54:35.727073+00:00
CE Buy-Only,PEAQ/USDT,Chandelier Cross,2026-09-22 03:00 PM PKT,0.03565,STOPPED,0.035091,-1.57,2026-09-28T18:54:35.729285+00:00
Pullback-in-Uptrend,PEAQ/USDT,EMA20 Pullback,2026-09-21 12:00 PM PKT,0.03408,STOPPED,0.034275,0.57,2026-09-28T18:54:35.735924+00:00
Pullback-in-Uptrend,PEAQ/USDT,EMA20 Pullback,2026-09-24 09:00 AM PKT,0.03574,STOPPED,0.040802,14.16,2026-09-28T18:54:35.738583+00:00
Pullback-in-Uptrend,PEAQ/USDT,EMA20 Pullback,2026-09-26 11:00 AM PKT,0.04198,STOPPED,0.042149,0.4,2026-09-28T18:54:35.741129+00:00
Pullback-in-Uptrend,PEAQ/USDT,EMA20 Pullback,2026-09-27 03:00 AM PKT,0.04449,STOPPED,0.042149,-5.26,2026-09-28T18:54:35.743206+00:00
Donchian Breakout,PEAQ/USDT,20-period High,2026-09-21 02:00 PM PKT,0.03674,STOPPED,0.034275,-6.71,2026-09-28T18:54:35.749182+00:00
Donchian Breakout,PEAQ/USDT,20-period High,2026-09-24 05:00 PM PKT,0.03942,STOPPED,0.040802,3.51,2026-09-28T18:54:35.751349+00:00
Donchian Breakout,PEAQ/USDT,20-period High,2026-09-26 07:00 PM PKT,0.04348,STOPPED,0.042149,-3.06,2026-09-28T18:54:35.753723+00:00
CE Buy-Only,TIA/USDT,Chandelier Cross,2026-09-13 04:00 AM PKT,0.3511,STOPPED,0.349823,-0.36,2026-09-28T18:54:36.441019+00:00
CE Buy-Only,TIA/USDT,Chandelier Cross,2026-09-15 01:00 PM PKT,0.3477,STOPPED,0.3471,-0.17,2026-09-28T18:54:36.443186+00:00
CE Buy-Only,TIA/USDT,Chandelier Cross,2026-09-24 03:00 AM PKT,0.4608,STOPPED,0.459314,-0.32,2026-09-28T18:54:36.445243+00:00
CE Buy-Only,TIA/USDT,Chandelier Cross,2026-09-28 03:00 PM PKT,0.4639,STOPPED,0.463005,-0.19,2026-09-28T18:54:36.447287+00:00
CE Buy-Only,MEGA/USDT,Chandelier Cross,2026-09-10 07:00 AM PKT,0.03916,STOPPED,0.03957,1.05,2026-09-28T18:54:37.160235+00:00
CE Buy-Only,MEGA/USDT,Chandelier Cross,2026-09-14 04:00 AM PKT,0.03548,STOPPED,0.035475,-0.01,2026-09-28T18:54:37.162322+00:00
CE Buy-Only,MEGA/USDT,Chandelier Cross,2026-09-20 08:00 PM PKT,0.04075,STOPPED,0.044397,8.95,2026-09-28T18:54:37.165135+00:00
CE Buy-Only,MEGA/USDT,Chandelier Cross,2026-09-24 06:00 AM PKT,0.04388,STOPPED,0.04458,1.6,2026-09-28T18:54:37.167305+00:00
CE Buy-Only,MEGA/USDT,Chandelier Cross,2026-09-28 04:00 PM PKT,0.04145,STOPPED,0.04172,0.65,2026-09-28T18:54:37.169445+00:00
Union AB,KMNO/USDT,EMA+Breakout,2026-09-08 09:00 PM PKT,0.02567,STOPPED,0.026573,3.52,2026-09-28T18:54:37.858354+00:00
Union AB,KMNO/USDT,EMA+Breakout,2026-09-17 02:00 PM PKT,0.027571,STOPPED,0.028096,1.9,2026-09-28T18:54:37.861052+00:00
Union AB,KMNO/USDT,EMA+Breakout,2026-09-20 09:00 PM PKT,0.031145,STOPPED,0.034048,9.32,2026-09-28T18:54:37.863963+00:00
Union AB,KMNO/USDT,EMA+Breakout,2026-09-26 07:00 PM PKT,0.05065,STOPPED,0.046215,-8.76,2026-09-28T18:54:37.866597+00:00
Union AB Backup Tier,KMNO/USDT,EMA+Breakout,2026-09-08 09:00 PM PKT,0.02567,STOPPED,0.026573,3.52,2026-09-28T18:54:37.868886+00:00
Union AB Backup Tier,KMNO/USDT,EMA+Breakout,2026-09-17 02:00 PM PKT,0.027571,STOPPED,0.028096,1.9,2026-09-28T18:54:37.870968+00:00
Union AB Backup Tier,KMNO/USDT,EMA+Breakout,2026-09-20 09:00 PM PKT,0.031145,STOPPED,0.034048,9.32,2026-09-28T18:54:37.873308+00:00
Union AB Backup Tier,KMNO/USDT,EMA+Breakout,2026-09-26 07:00 PM PKT,0.05065,STOPPED,0.046215,-8.76,2026-09-28T18:54:37.875078+00:00
CE Buy-Only,KMNO/USDT,Chandelier Cross,2026-09-08 12:00 PM PKT,0.024959,STOPPED,0.024871,-0.35,2026-09-28T18:54:37.899173+00:00
CE Buy-Only,KMNO/USDT,Chandelier Cross,2026-09-10 01:00 PM PKT,0.025609,STOPPED,0.025609,0.0,2026-09-28T18:54:37.901285+00:00
CE Buy-Only,KMNO/USDT,Chandelier Cross,2026-09-13 05:00 AM PKT,0.025434,STOPPED,0.025594,0.63,2026-09-28T18:54:37.903435+00:00
CE Buy-Only,KMNO/USDT,Chandelier Cross,2026-09-13 10:00 PM PKT,0.024954,STOPPED,0.024954,0.0,2026-09-28T18:54:37.905580+00:00
CE Buy-Only,KMNO/USDT,Chandelier Cross,2026-09-15 05:00 AM PKT,0.02484,STOPPED,0.024859,0.08,2026-09-28T18:54:37.907683+00:00
CE Buy-Only,KMNO/USDT,Chandelier Cross,2026-09-16 03:00 PM PKT,0.025,STOPPED,0.024933,-0.27,2026-09-28T18:54:37.909898+00:00
CE Buy-Only,KMNO/USDT,Chandelier Cross,2026-09-18 05:00 AM PKT,0.028054,STOPPED,0.028151,0.35,2026-09-28T18:54:37.912014+00:00
CE Buy-Only,KMNO/USDT,Chandelier Cross,2026-09-19 04:00 PM PKT,0.028832,STOPPED,0.028447,-1.34,2026-09-28T18:54:37.914184+00:00
CE Buy-Only,KMNO/USDT,Chandelier Cross,2026-09-20 03:00 PM PKT,0.026954,STOPPED,0.02742,1.73,2026-09-28T18:54:37.916325+00:00
CE Buy-Only,KMNO/USDT,Chandelier Cross,2026-09-22 04:00 AM PKT,0.034188,STOPPED,0.034242,0.16,2026-09-28T18:54:37.918416+00:00
CE Buy-Only,KMNO/USDT,Chandelier Cross,2026-09-27 10:00 AM PKT,0.046772,STOPPED,0.046759,-0.03,2026-09-28T18:54:37.920490+00:00
Pullback-in-Uptrend,KMNO/USDT,EMA20 Pullback,2026-09-09 04:00 AM PKT,0.026283,STOPPED,0.026298,0.06,2026-09-28T18:54:37.925809+00:00
Pullback-in-Uptrend,KMNO/USDT,EMA20 Pullback,2026-09-15 08:00 PM PKT,0.025203,STOPPED,0.025022,-0.72,2026-09-28T18:54:37.927761+00:00
Pullback-in-Uptrend,KMNO/USDT,EMA20 Pullback,2026-09-17 12:00 AM PKT,0.025255,STOPPED,0.027839,10.23,2026-09-28T18:54:37.930200+00:00
Pullback-in-Uptrend,KMNO/USDT,EMA20 Pullback,2026-09-18 01:00 AM PKT,0.027799,STOPPED,0.027839,0.14,2026-09-28T18:54:37.931826+00:00
Pullback-in-Uptrend,KMNO/USDT,EMA20 Pullback,2026-09-18 07:00 PM PKT,0.027865,STOPPED,0.028088,0.8,2026-09-28T18:54:37.933719+00:00
Pullback-in-Uptrend,KMNO/USDT,EMA20 Pullback,2026-09-19 04:00 PM PKT,0.028832,STOPPED,0.028316,-1.79,2026-09-28T18:54:37.935253+00:00
Pullback-in-Uptrend,KMNO/USDT,EMA20 Pullback,2026-09-20 08:00 PM PKT,0.028494,STOPPED,0.033643,18.07,2026-09-28T18:54:37.937659+00:00
Pullback-in-Uptrend,KMNO/USDT,EMA20 Pullback,2026-09-23 03:00 AM PKT,0.03389,STOPPED,0.035002,3.28,2026-09-28T18:54:37.939638+00:00
Pullback-in-Uptrend,KMNO/USDT,EMA20 Pullback,2026-09-23 07:00 PM PKT,0.037819,STOPPED,0.034914,-7.68,2026-09-28T18:54:37.941186+00:00
Pullback-in-Uptrend,KMNO/USDT,EMA20 Pullback,2026-09-24 01:00 PM PKT,0.036681,STOPPED,0.046756,27.47,2026-09-28T18:54:37.944683+00:00
Pullback-in-Uptrend,KMNO/USDT,EMA20 Pullback,2026-09-25 01:00 PM PKT,0.038204,STOPPED,0.046756,22.39,2026-09-28T18:54:37.947506+00:00
Pullback-in-Uptrend,KMNO/USDT,EMA20 Pullback,2026-09-26 06:00 AM PKT,0.041511,STOPPED,0.046756,12.64,2026-09-28T18:54:37.949794+00:00
Pullback-in-Uptrend,KMNO/USDT,EMA20 Pullback,2026-09-27 07:00 AM PKT,0.048287,STOPPED,0.046756,-3.17,2026-09-28T18:54:37.951308+00:00
Pullback-in-Uptrend,KMNO/USDT,EMA20 Pullback,2026-09-28 02:00 AM PKT,0.048404,STOPPED,0.04464,-7.78,2026-09-28T18:54:37.953017+00:00
Donchian Breakout,KMNO/USDT,20-period High,2026-09-08 08:00 PM PKT,0.025209,STOPPED,0.026298,4.32,2026-09-28T18:54:37.957722+00:00
Donchian Breakout,KMNO/USDT,20-period High,2026-09-15 08:00 PM PKT,0.025203,STOPPED,0.025022,-0.72,2026-09-28T18:54:37.959842+00:00
Donchian Breakout,KMNO/USDT,20-period High,2026-09-17 12:00 AM PKT,0.025255,STOPPED,0.027839,10.23,2026-09-28T18:54:37.962193+00:00
Donchian Breakout,KMNO/USDT,20-period High,2026-09-17 05:00 PM PKT,0.028188,STOPPED,0.027839,-1.24,2026-09-28T18:54:37.964050+00:00
Donchian Breakout,KMNO/USDT,20-period High,2026-09-19 02:00 AM PKT,0.028455,STOPPED,0.028088,-1.29,2026-09-28T18:54:37.965749+00:00
Donchian Breakout,KMNO/USDT,20-period High,2026-09-20 09:00 PM PKT,0.031145,STOPPED,0.033643,8.02,2026-09-28T18:54:37.968114+00:00
Donchian Breakout,KMNO/USDT,20-period High,2026-09-23 05:00 AM PKT,0.034449,STOPPED,0.035002,1.61,2026-09-28T18:54:37.970062+00:00
Donchian Breakout,KMNO/USDT,20-period High,2026-09-25 01:00 AM PKT,0.038283,STOPPED,0.046756,22.13,2026-09-28T18:54:37.973270+00:00
Donchian Breakout,KMNO/USDT,20-period High,2026-09-25 05:00 PM PKT,0.041865,STOPPED,0.046756,11.68,2026-09-28T18:54:37.975943+00:00
Donchian Breakout,KMNO/USDT,20-period High,2026-09-26 12:00 PM PKT,0.044138,STOPPED,0.046756,5.93,2026-09-28T18:54:37.978064+00:00
Donchian Breakout,KMNO/USDT,20-period High,2026-09-28 04:00 AM PKT,0.048702,STOPPED,0.04464,-8.34,2026-09-28T18:54:37.979732+00:00
NEW AdvancedConfluence,IOTA/USDT,CHoCH,2026-09-13 06:00 PM PKT,0.0416,STOPPED,0.040856,-1.79,2026-09-28T18:54:38.649497+00:00
CE Buy-Only,IOTA/USDT,Chandelier Cross,2026-09-16 03:00 AM PKT,0.0386,STOPPED,0.0388,0.52,2026-09-28T18:54:38.654380+00:00
CE Buy-Only,IOTA/USDT,Chandelier Cross,2026-09-24 01:00 AM PKT,0.0464,STOPPED,0.0468,0.86,2026-09-28T18:54:38.656498+00:00
CE Buy-Only,MCAT/USDT,Chandelier Cross,2026-09-12 04:00 PM PKT,0.50547,STOPPED,0.49958,-1.17,2026-09-28T18:54:39.098294+00:00
CE Buy-Only,MCAT/USDT,Chandelier Cross,2026-09-14 05:00 AM PKT,0.42733,STOPPED,0.42467,-0.62,2026-09-28T18:54:39.099930+00:00
CE Buy-Only,MCAT/USDT,Chandelier Cross,2026-09-15 02:00 PM PKT,0.39047,STOPPED,0.39017,-0.08,2026-09-28T18:54:39.101559+00:00
CE Buy-Only,MCAT/USDT,Chandelier Cross,2026-09-16 10:00 PM PKT,0.242,STOPPED,0.23987,-0.88,2026-09-28T18:54:39.103203+00:00
CE Buy-Only,MCAT/USDT,Chandelier Cross,2026-09-20 06:00 AM PKT,0.68799,STOPPED,0.72956,6.04,2026-09-28T18:54:39.104822+00:00
CE Buy-Only,MCAT/USDT,Chandelier Cross,2026-09-23 11:00 PM PKT,0.77183,STOPPED,0.77191,0.01,2026-09-28T18:54:39.106482+00:00
CE Buy-Only,MCAT/USDT,Chandelier Cross,2026-09-24 05:00 PM PKT,0.71657,STOPPED,0.72394,1.03,2026-09-28T18:54:39.108133+00:00
Pullback-in-Uptrend,MCAT/USDT,EMA20 Pullback,2026-09-11 10:00 PM PKT,0.54218,STOPPED,0.509923,-5.95,2026-09-28T18:54:39.113371+00:00
Pullback-in-Uptrend,MCAT/USDT,EMA20 Pullback,2026-09-18 09:00 PM PKT,0.83687,STOPPED,0.791534,-5.42,2026-09-28T18:54:39.115482+00:00
Donchian Breakout,MCAT/USDT,20-period High,2026-09-17 11:00 AM PKT,0.36915,STOPPED,0.362824,-1.71,2026-09-28T18:54:39.119819+00:00
Donchian Breakout,MCAT/USDT,20-period High,2026-09-18 06:00 AM PKT,0.82529,STOPPED,0.791534,-4.09,2026-09-28T18:54:39.122388+00:00
NEW AdvancedConfluence,OP/USDT,CHoCH,2026-09-18 05:00 AM PKT,0.1025,TARGET,0.110075,7.39,2026-09-28T18:54:39.805056+00:00
NEW AdvancedConfluence,OP/USDT,CHoCH,2026-09-24 07:00 PM PKT,0.1322,STOPPED,0.1309,-0.98,2026-09-28T18:54:39.806549+00:00
NEW AdvancedConfluence,OP/USDT,CHoCH,2026-09-26 01:00 AM PKT,0.1441,STOPPED,0.144025,-0.05,2026-09-28T18:54:39.808324+00:00
CE Buy-Only,OP/USDT,Chandelier Cross,2026-09-23 09:00 PM PKT,0.125,STOPPED,0.1251,0.08,2026-09-28T18:54:39.813551+00:00
CE Buy-Only,OP/USDT,Chandelier Cross,2026-09-28 03:00 PM PKT,0.1385,STOPPED,0.1382,-0.22,2026-09-28T18:54:39.815670+00:00
Union AB,GRT/USDT,EMA+Breakout,2026-09-27 10:00 PM PKT,0.02962,TARGET,0.033758,13.97,2026-09-28T18:54:40.461844+00:00
Union AB Backup Tier,GRT/USDT,EMA+Breakout,2026-09-27 10:00 PM PKT,0.02962,TARGET,0.033758,13.97,2026-09-28T18:54:40.463675+00:00
NEW AdvancedConfluence,GRT/USDT,CHoCH,2026-09-25 10:00 PM PKT,0.02718,STOPPED,0.027613,1.59,2026-09-28T18:54:40.486026+00:00
CE Buy-Only,GRT/USDT,Chandelier Cross,2026-09-10 01:00 AM PKT,0.01896,STOPPED,0.01874,-1.16,2026-09-28T18:54:40.491465+00:00
CE Buy-Only,GRT/USDT,Chandelier Cross,2026-09-15 09:00 AM PKT,0.01809,STOPPED,0.018074,-0.09,2026-09-28T18:54:40.493572+00:00
Pullback-in-Uptrend,GRT/USDT,EMA20 Pullback,2026-09-27 02:00 PM PKT,0.02811,STOPPED,0.031273,11.25,2026-09-28T18:54:40.501505+00:00
Donchian Breakout,GRT/USDT,20-period High,2026-09-27 07:00 PM PKT,0.0284,STOPPED,0.031273,10.12,2026-09-28T18:54:40.510091+00:00
NEW AdvancedConfluence,ZIG/USDT,CHoCH,2026-09-18 04:00 PM PKT,0.046,STOPPED,0.044813,-2.58,2026-09-28T18:54:41.155516+00:00
NEW AdvancedConfluence,ZIG/USDT,CHoCH,2026-09-27 01:00 PM PKT,0.05293,TARGET,0.055426,4.72,2026-09-28T18:54:41.156725+00:00
CE Buy-Only,ZIG/USDT,Chandelier Cross,2026-09-11 09:00 AM PKT,0.04401,STOPPED,0.04417,0.36,2026-09-28T18:54:41.161434+00:00
CE Buy-Only,ZIG/USDT,Chandelier Cross,2026-09-14 05:00 AM PKT,0.04282,STOPPED,0.042529,-0.68,2026-09-28T18:54:41.163515+00:00
CE Buy-Only,ZIG/USDT,Chandelier Cross,2026-09-15 06:00 PM PKT,0.03993,STOPPED,0.039663,-0.67,2026-09-28T18:54:41.165580+00:00
CE Buy-Only,ZIG/USDT,Chandelier Cross,2026-09-20 08:00 AM PKT,0.05279,STOPPED,0.052224,-1.07,2026-09-28T18:54:41.167656+00:00
Union AB,CAKE/USDT,Ichimoku+MS,2026-09-08 12:00 PM PKT,2.374,STOPPED,2.263219,-4.67,2026-09-28T18:54:41.798005+00:00
Union AB Backup Tier,CAKE/USDT,Ichimoku+MS,2026-09-08 12:00 PM PKT,2.374,STOPPED,2.263219,-4.67,2026-09-28T18:54:41.799635+00:00
Union AB,CAKE/USDT,EMA+Breakout,2026-09-13 11:00 PM PKT,2.261,STOPPED,2.307625,2.06,2026-09-28T18:54:41.804063+00:00
Union AB,CAKE/USDT,EMA+Breakout,2026-09-17 04:00 AM PKT,2.314,TARGET,2.53775,9.67,2026-09-28T18:54:41.806996+00:00
Union AB,CAKE/USDT,EMA+Breakout,2026-09-17 10:00 PM PKT,2.445,STOPPED,2.41475,-1.24,2026-09-28T18:54:41.809908+00:00
Union AB,CAKE/USDT,EMA+Breakout,2026-09-23 06:00 AM PKT,2.687,STOPPED,2.562,-4.65,2026-09-28T18:54:41.812291+00:00
Union AB,CAKE/USDT,EMA+Breakout,2026-09-27 06:00 PM PKT,2.832,STOPPED,2.754,-2.75,2026-09-28T18:54:41.814535+00:00
Union AB Backup Tier,CAKE/USDT,EMA+Breakout,2026-09-13 11:00 PM PKT,2.261,STOPPED,2.307625,2.06,2026-09-28T18:54:41.817002+00:00
Union AB Backup Tier,CAKE/USDT,EMA+Breakout,2026-09-17 04:00 AM PKT,2.314,TARGET,2.53775,9.67,2026-09-28T18:54:41.819325+00:00
Union AB Backup Tier,CAKE/USDT,EMA+Breakout,2026-09-17 10:00 PM PKT,2.445,STOPPED,2.41475,-1.24,2026-09-28T18:54:41.821561+00:00
Union AB Backup Tier,CAKE/USDT,EMA+Breakout,2026-09-23 06:00 AM PKT,2.687,STOPPED,2.562,-4.65,2026-09-28T18:54:41.823277+00:00
Union AB Backup Tier,CAKE/USDT,EMA+Breakout,2026-09-27 06:00 PM PKT,2.832,STOPPED,2.754,-2.75,2026-09-28T18:54:41.824943+00:00
NEW AdvancedConfluence,CAKE/USDT,CHoCH,2026-09-08 12:00 PM PKT,2.374,STOPPED,2.318812,-2.32,2026-09-28T18:54:41.846876+00:00
NEW AdvancedConfluence,CAKE/USDT,CHoCH,2026-09-24 08:00 PM PKT,2.767,STOPPED,2.745,-0.8,2026-09-28T18:54:41.848507+00:00
CE Buy-Only,CAKE/USDT,Chandelier Cross,2026-09-23 08:00 PM PKT,2.543,STOPPED,2.519455,-0.93,2026-09-28T18:54:41.853528+00:00
CE Buy-Only,CAKE/USDT,Chandelier Cross,2026-09-28 05:00 PM PKT,2.663,STOPPED,2.652727,-0.39,2026-09-28T18:54:41.855610+00:00
Pullback-in-Uptrend,CAKE/USDT,EMA20 Pullback,2026-09-08 05:00 PM PKT,2.319,STOPPED,2.267,-2.24,2026-09-28T18:54:41.860558+00:00
Pullback-in-Uptrend,CAKE/USDT,EMA20 Pullback,2026-09-09 11:00 AM PKT,2.306,STOPPED,2.217062,-3.86,2026-09-28T18:54:41.862532+00:00
Pullback-in-Uptrend,CAKE/USDT,EMA20 Pullback,2026-09-11 01:00 PM PKT,2.146,STOPPED,2.208656,2.92,2026-09-28T18:54:41.865214+00:00
Pullback-in-Uptrend,CAKE/USDT,EMA20 Pullback,2026-09-12 05:00 AM PKT,2.198,STOPPED,2.208656,0.48,2026-09-28T18:54:41.867385+00:00
Pullback-in-Uptrend,CAKE/USDT,EMA20 Pullback,2026-09-12 10:00 PM PKT,2.219,STOPPED,2.208656,-0.47,2026-09-28T18:54:41.869045+00:00
Pullback-in-Uptrend,CAKE/USDT,EMA20 Pullback,2026-09-13 11:00 PM PKT,2.261,STOPPED,2.295344,1.52,2026-09-28T18:54:41.871567+00:00
Pullback-in-Uptrend,CAKE/USDT,EMA20 Pullback,2026-09-14 10:00 PM PKT,2.376,STOPPED,2.295344,-3.39,2026-09-28T18:54:41.873569+00:00
Pullback-in-Uptrend,CAKE/USDT,EMA20 Pullback,2026-09-18 06:00 AM PKT,2.457,STOPPED,2.414219,-1.74,2026-09-28T18:54:41.875762+00:00
Pullback-in-Uptrend,CAKE/USDT,EMA20 Pullback,2026-09-20 01:00 PM PKT,2.48,STOPPED,2.499188,0.77,2026-09-28T18:54:41.878478+00:00
Pullback-in-Uptrend,CAKE/USDT,EMA20 Pullback,2026-09-21 07:00 AM PKT,2.578,STOPPED,2.499188,-3.06,2026-09-28T18:54:41.880599+00:00
Pullback-in-Uptrend,CAKE/USDT,EMA20 Pullback,2026-09-22 12:00 AM PKT,2.541,STOPPED,2.499188,-1.65,2026-09-28T18:54:41.882215+00:00
Pullback-in-Uptrend,CAKE/USDT,EMA20 Pullback,2026-09-22 05:00 PM PKT,2.556,STOPPED,2.562656,0.26,2026-09-28T18:54:41.884368+00:00
Pullback-in-Uptrend,CAKE/USDT,EMA20 Pullback,2026-09-23 03:00 PM PKT,2.631,STOPPED,2.562656,-2.6,2026-09-28T18:54:41.885851+00:00
Pullback-in-Uptrend,CAKE/USDT,EMA20 Pullback,2026-09-24 07:00 AM PKT,2.61,STOPPED,2.724031,4.37,2026-09-28T18:54:41.888149+00:00
Pullback-in-Uptrend,CAKE/USDT,EMA20 Pullback,2026-09-25 09:00 AM PKT,2.744,STOPPED,2.724031,-0.73,2026-09-28T18:54:41.889670+00:00
Pullback-in-Uptrend,CAKE/USDT,EMA20 Pullback,2026-09-26 03:00 AM PKT,2.787,STOPPED,2.732969,-1.94,2026-09-28T18:54:41.891664+00:00
Pullback-in-Uptrend,CAKE/USDT,EMA20 Pullback,2026-09-26 08:00 PM PKT,2.777,STOPPED,2.732125,-1.62,2026-09-28T18:54:41.893188+00:00
Pullback-in-Uptrend,CAKE/USDT,EMA20 Pullback,2026-09-27 12:00 PM PKT,2.783,STOPPED,2.762344,-0.74,2026-09-28T18:54:41.895063+00:00
Pullback-in-Uptrend,CAKE/USDT,EMA20 Pullback,2026-09-28 04:00 AM PKT,2.832,STOPPED,2.739969,-3.25,2026-09-28T18:54:41.896536+00:00
Donchian Breakout,CAKE/USDT,20-period High,2026-09-08 12:00 PM PKT,2.374,STOPPED,2.263219,-4.67,2026-09-28T18:54:41.900235+00:00
Donchian Breakout,CAKE/USDT,20-period High,2026-09-11 05:00 PM PKT,2.187,STOPPED,2.208656,0.99,2026-09-28T18:54:41.902781+00:00
Donchian Breakout,CAKE/USDT,20-period High,2026-09-12 03:00 PM PKT,2.26,STOPPED,2.208656,-2.27,2026-09-28T18:54:41.904672+00:00
Donchian Breakout,CAKE/USDT,20-period High,2026-09-13 11:00 PM PKT,2.261,STOPPED,2.295344,1.52,2026-09-28T18:54:41.907114+00:00
Donchian Breakout,CAKE/USDT,20-period High,2026-09-14 03:00 PM PKT,2.387,STOPPED,2.295344,-3.84,2026-09-28T18:54:41.909141+00:00
Donchian Breakout,CAKE/USDT,20-period High,2026-09-16 11:00 PM PKT,2.229,STOPPED,2.414219,8.31,2026-09-28T18:54:41.912102+00:00
Donchian Breakout,CAKE/USDT,20-period High,2026-09-17 09:00 PM PKT,2.443,STOPPED,2.414219,-1.18,2026-09-28T18:54:41.914424+00:00
Donchian Breakout,CAKE/USDT,20-period High,2026-09-18 01:00 PM PKT,2.546,STOPPED,2.414219,-5.18,2026-09-28T18:54:41.916274+00:00
Donchian Breakout,CAKE/USDT,20-period High,2026-09-21 01:00 AM PKT,2.598,STOPPED,2.499188,-3.8,2026-09-28T18:54:41.918564+00:00
Donchian Breakout,CAKE/USDT,20-period High,2026-09-22 10:00 PM PKT,2.57,STOPPED,2.562656,-0.29,2026-09-28T18:54:41.920574+00:00
Donchian Breakout,CAKE/USDT,20-period High,2026-09-24 12:00 PM PKT,2.667,STOPPED,2.724031,2.14,2026-09-28T18:54:41.922750+00:00
Donchian Breakout,CAKE/USDT,20-period High,2026-09-25 04:00 PM PKT,2.828,STOPPED,2.735187,-3.28,2026-09-28T18:54:41.925130+00:00
Donchian Breakout,CAKE/USDT,20-period High,2026-09-27 05:00 PM PKT,2.815,STOPPED,2.762344,-1.87,2026-09-28T18:54:41.926885+00:00
CE Buy-Only,AVNT/USDT,Chandelier Cross,2026-09-10 01:00 AM PKT,0.1031,STOPPED,0.10116,-1.88,2026-09-28T18:54:42.599389+00:00
CE Buy-Only,AVNT/USDT,Chandelier Cross,2026-09-14 04:00 AM PKT,0.0968,STOPPED,0.096034,-0.79,2026-09-28T18:54:42.601481+00:00
CE Buy-Only,AVNT/USDT,Chandelier Cross,2026-09-24 04:00 AM PKT,0.10951,STOPPED,0.1104,0.81,2026-09-28T18:54:42.603601+00:00
CE Buy-Only,KAIO/USDT,Chandelier Cross,2026-09-08 07:00 AM PKT,0.01465,STOPPED,0.014908,1.76,2026-09-28T19:23:47.517682+00:00
CE Buy-Only,KAIO/USDT,Chandelier Cross,2026-09-10 06:00 PM PKT,0.01395,STOPPED,0.01391,-0.29,2026-09-28T19:23:47.520427+00:00
CE Buy-Only,KAIO/USDT,Chandelier Cross,2026-09-12 09:00 AM PKT,0.01412,STOPPED,0.014169,0.35,2026-09-28T19:23:47.523286+00:00
CE Buy-Only,KAIO/USDT,Chandelier Cross,2026-09-13 07:00 PM PKT,0.01341,STOPPED,0.01331,-0.75,2026-09-28T19:23:47.525977+00:00
CE Buy-Only,KAIO/USDT,Chandelier Cross,2026-09-14 11:00 AM PKT,0.01306,STOPPED,0.01306,0.0,2026-09-28T19:23:47.528710+00:00
CE Buy-Only,KAIO/USDT,Chandelier Cross,2026-09-15 10:00 PM PKT,0.0129,STOPPED,0.019917,54.4,2026-09-28T19:23:47.531927+00:00
CE Buy-Only,KAIO/USDT,Chandelier Cross,2026-09-17 02:00 AM PKT,0.01394,STOPPED,0.01387,-0.5,2026-09-28T19:23:47.534637+00:00
CE Buy-Only,KAIO/USDT,Chandelier Cross,2026-09-18 10:00 AM PKT,0.01357,STOPPED,0.01358,0.07,2026-09-28T19:23:47.537352+00:00
CE Buy-Only,KAIO/USDT,Chandelier Cross,2026-09-19 10:00 PM PKT,0.01381,STOPPED,0.01371,-0.72,2026-09-28T19:23:47.540034+00:00
CE Buy-Only,KAIO/USDT,Chandelier Cross,2026-09-22 09:00 AM PKT,0.01378,STOPPED,0.01377,-0.07,2026-09-28T19:23:47.542743+00:00
CE Buy-Only,KAIO/USDT,Chandelier Cross,2026-09-23 08:00 AM PKT,0.01359,STOPPED,0.01351,-0.59,2026-09-28T19:23:47.545451+00:00
CE Buy-Only,KAIO/USDT,Chandelier Cross,2026-09-24 02:00 PM PKT,0.01348,STOPPED,0.01334,-1.04,2026-09-28T19:23:47.548153+00:00
CE Buy-Only,KAIO/USDT,Chandelier Cross,2026-09-25 10:00 AM PKT,0.01313,STOPPED,0.01313,0.0,2026-09-28T19:23:47.551152+00:00
CE Buy-Only,KAIO/USDT,Chandelier Cross,2026-09-26 01:00 PM PKT,0.01397,STOPPED,0.015671,12.18,2026-09-28T19:23:47.553906+00:00
CE Buy-Only,KAIO/USDT,Chandelier Cross,2026-09-28 06:00 AM PKT,0.01623,STOPPED,0.0285,75.6,2026-09-28T19:23:47.556607+00:00
CE Buy-Only,NIL/USDT,Chandelier Cross,2026-09-08 07:00 PM PKT,0.05068,STOPPED,0.05139,1.4,2026-09-28T19:38:22.046569+00:00
CE Buy-Only,NIL/USDT,Chandelier Cross,2026-09-09 09:00 PM PKT,0.04872,STOPPED,0.048225,-1.02,2026-09-28T19:38:22.048435+00:00
CE Buy-Only,NIL/USDT,Chandelier Cross,2026-09-10 01:00 PM PKT,0.04336,STOPPED,0.04393,1.31,2026-09-28T19:38:22.050307+00:00
CE Buy-Only,NIL/USDT,Chandelier Cross,2026-09-11 05:00 AM PKT,0.04241,STOPPED,0.04227,-0.33,2026-09-28T19:38:22.052168+00:00
CE Buy-Only,NIL/USDT,Chandelier Cross,2026-09-12 04:00 PM PKT,0.04237,STOPPED,0.042337,-0.08,2026-09-28T19:38:22.054035+00:00
CE Buy-Only,NIL/USDT,Chandelier Cross,2026-09-13 07:00 PM PKT,0.04151,STOPPED,0.041368,-0.34,2026-09-28T19:38:22.055864+00:00
CE Buy-Only,NIL/USDT,Chandelier Cross,2026-09-26 11:00 AM PKT,0.10929,STOPPED,0.10996,0.61,2026-09-28T19:38:22.057857+00:00
CE Buy-Only,NIL/USDT,Chandelier Cross,2026-09-27 04:00 AM PKT,0.10388,STOPPED,0.10084,-2.93,2026-09-28T19:38:22.059915+00:00
CE Buy-Only,NIL/USDT,Chandelier Cross,2026-09-28 10:00 AM PKT,0.08916,STOPPED,0.0889,-0.29,2026-09-28T19:38:22.061798+00:00
Pullback-in-Uptrend,NIL/USDT,EMA20 Pullback,2026-09-22 09:00 AM PKT,0.0713,STOPPED,0.088631,24.31,2026-09-28T19:38:22.067594+00:00
Pullback-in-Uptrend,NIL/USDT,EMA20 Pullback,2026-09-23 02:00 AM PKT,0.07863,STOPPED,0.088631,12.72,2026-09-28T19:38:22.069316+00:00
Pullback-in-Uptrend,NIL/USDT,EMA20 Pullback,2026-09-23 08:00 PM PKT,0.09548,STOPPED,0.110808,16.05,2026-09-28T19:38:22.071412+00:00
Pullback-in-Uptrend,NIL/USDT,EMA20 Pullback,2026-09-25 01:00 PM PKT,0.12414,STOPPED,0.114209,-8.0,2026-09-28T19:38:22.073309+00:00
Donchian Breakout,NIL/USDT,20-period High,2026-09-22 11:00 AM PKT,0.07523,STOPPED,0.088631,17.81,2026-09-28T19:38:22.078923+00:00
Donchian Breakout,NIL/USDT,20-period High,2026-09-23 06:00 AM PKT,0.08918,STOPPED,0.088631,-0.62,2026-09-28T19:38:22.080519+00:00
Donchian Breakout,NIL/USDT,20-period High,2026-09-24 03:00 AM PKT,0.11608,STOPPED,0.110808,-4.54,2026-09-28T19:38:22.082422+00:00
Donchian Breakout,NIL/USDT,20-period High,2026-09-25 03:00 PM PKT,0.1274,STOPPED,0.114209,-10.35,2026-09-28T19:38:22.084149+00:00
Donchian Breakout,NIL/USDT,20-period High,2026-09-27 02:00 PM PKT,0.11139,STOPPED,0.09919,-10.95,2026-09-28T19:38:22.085777+00:00
NEW AdvancedConfluence,NIGHT/USDT,CHoCH,2026-09-24 07:00 PM PKT,0.02423,STOPPED,0.024035,-0.8,2026-09-28T19:38:22.783097+00:00
CE Buy-Only,NIGHT/USDT,Chandelier Cross,2026-09-11 07:00 AM PKT,0.02081,STOPPED,0.02076,-0.24,2026-09-28T19:38:22.787539+00:00
CE Buy-Only,NIGHT/USDT,Chandelier Cross,2026-09-13 01:00 AM PKT,0.02084,STOPPED,0.020731,-0.52,2026-09-28T19:38:22.789377+00:00
CE Buy-Only,NIGHT/USDT,Chandelier Cross,2026-09-14 05:00 AM PKT,0.01997,STOPPED,0.020181,1.06,2026-09-28T19:38:22.791710+00:00
CE Buy-Only,NIGHT/USDT,Chandelier Cross,2026-09-15 02:00 PM PKT,0.02035,STOPPED,0.02034,-0.05,2026-09-28T19:38:22.793782+00:00
CE Buy-Only,NIGHT/USDT,Chandelier Cross,2026-09-20 04:00 PM PKT,0.02367,STOPPED,0.02359,-0.34,2026-09-28T19:38:22.795669+00:00
CE Buy-Only,NIGHT/USDT,Chandelier Cross,2026-09-23 09:00 PM PKT,0.02334,STOPPED,0.02332,-0.09,2026-09-28T19:38:22.797523+00:00
CE Buy-Only,Q/USDT,Chandelier Cross,2026-09-28 11:00 PM PKT,0.022099,STOPPED,0.022227,0.58,2026-09-28T21:03:15.795405+00:00
NEW AdvancedConfluence,NMR/USDT,CHoCH,2026-09-25 12:00 PM PKT,9.63,TARGET,9.823625,2.01,2026-09-28T21:04:21.862624+00:00
CE Buy-Only,NMR/USDT,Chandelier Cross,2026-09-10 04:00 AM PKT,9.08,STOPPED,9.135,0.61,2026-09-28T21:04:21.867767+00:00
CE Buy-Only,NMR/USDT,Chandelier Cross,2026-09-13 05:00 AM PKT,9.372,STOPPED,9.351,-0.22,2026-09-28T21:04:21.870228+00:00
CE Buy-Only,NMR/USDT,Chandelier Cross,2026-09-14 07:00 AM PKT,9.378,STOPPED,9.316,-0.66,2026-09-28T21:04:21.872506+00:00
CE Buy-Only,NMR/USDT,Chandelier Cross,2026-09-15 01:00 PM PKT,8.951,STOPPED,8.964,0.15,2026-09-28T21:04:21.874691+00:00
CE Buy-Only,NMR/USDT,Chandelier Cross,2026-09-17 06:00 PM PKT,8.91,STOPPED,8.869,-0.46,2026-09-28T21:04:21.876934+00:00
CE Buy-Only,NMR/USDT,Chandelier Cross,2026-09-20 08:00 AM PKT,9.179,STOPPED,9.151,-0.31,2026-09-28T21:04:21.879112+00:00
CE Buy-Only,NMR/USDT,Chandelier Cross,2026-09-23 09:00 PM PKT,9.519,STOPPED,9.423,-1.01,2026-09-28T21:04:21.881248+00:00
CE Buy-Only,NMR/USDT,Chandelier Cross,2026-09-27 03:00 AM PKT,9.521,STOPPED,9.544,0.24,2026-09-28T21:04:21.883436+00:00
CE Buy-Only,ZEC/USDT,Chandelier Cross,2026-09-29 01:00 AM PKT,1458.11,STOPPED,1454.648955,-0.24,2026-09-28T22:02:09.224832+00:00
CE Buy-Only,ALLO/USDT,Chandelier Cross,2026-09-09 03:00 PM PKT,0.2443,STOPPED,0.244,-0.12,2026-09-28T23:30:51.205826+00:00
CE Buy-Only,ALLO/USDT,Chandelier Cross,2026-09-10 10:00 AM PKT,0.216,STOPPED,0.2214,2.5,2026-09-28T23:30:51.208227+00:00
CE Buy-Only,ALLO/USDT,Chandelier Cross,2026-09-12 07:00 PM PKT,0.2286,STOPPED,0.228,-0.26,2026-09-28T23:30:51.210421+00:00
CE Buy-Only,ALLO/USDT,Chandelier Cross,2026-09-13 04:00 PM PKT,0.2206,STOPPED,0.2209,0.14,2026-09-28T23:30:51.212629+00:00
CE Buy-Only,ALLO/USDT,Chandelier Cross,2026-09-15 11:00 AM PKT,0.2183,STOPPED,0.2174,-0.41,2026-09-28T23:30:51.214784+00:00
CE Buy-Only,ALLO/USDT,Chandelier Cross,2026-09-16 02:00 PM PKT,0.2034,STOPPED,0.2038,0.2,2026-09-28T23:30:51.217010+00:00
CE Buy-Only,ALLO/USDT,Chandelier Cross,2026-09-27 08:00 PM PKT,0.2861,STOPPED,0.292781,2.34,2026-09-28T23:30:51.219212+00:00
Union AB,HBAR/USDT,EMA+Breakout,2026-09-28 01:00 PM PKT,0.10783,TARGET,0.120992,12.21,2026-09-29T00:05:04.481339+00:00
Union AB Backup Tier,HBAR/USDT,EMA+Breakout,2026-09-28 01:00 PM PKT,0.10783,TARGET,0.120992,12.21,2026-09-29T00:05:04.482694+00:00
Pullback-in-Uptrend,NMR/USDT,EMA20 Pullback,2026-09-28 07:00 AM PKT,10.219,STOPPED,9.790781,-4.19,2026-09-29T00:05:40.243758+00:00
Pullback-in-Uptrend,CARDS/USDT,EMA20 Pullback,2026-09-29 01:00 AM PKT,0.2347,STOPPED,0.228744,-2.54,2026-09-29T00:05:47.438095+00:00
Donchian Breakout,CARDS/USDT,20-period High,2026-09-29 01:00 AM PKT,0.2347,STOPPED,0.228744,-2.54,2026-09-29T00:05:47.441961+00:00
NEW AdvancedConfluence,KITE/USDT,CHoCH,2026-09-26 08:00 PM PKT,0.14048,TARGET,0.147892,5.28,2026-09-29T00:20:13.387666+00:00
CE Buy-Only,KITE/USDT,Chandelier Cross,2026-09-08 07:00 PM PKT,0.11417,STOPPED,0.11377,-0.35,2026-09-29T00:20:13.392353+00:00
CE Buy-Only,KITE/USDT,Chandelier Cross,2026-09-10 03:00 PM PKT,0.10887,STOPPED,0.10966,0.73,2026-09-29T00:20:13.394478+00:00
CE Buy-Only,KITE/USDT,Chandelier Cross,2026-09-12 01:00 PM PKT,0.10619,STOPPED,0.10582,-0.35,2026-09-29T00:20:13.396586+00:00
CE Buy-Only,KITE/USDT,Chandelier Cross,2026-09-13 11:00 PM PKT,0.10674,STOPPED,0.10732,0.54,2026-09-29T00:20:13.398703+00:00
CE Buy-Only,KITE/USDT,Chandelier Cross,2026-09-14 05:00 PM PKT,0.10649,STOPPED,0.10556,-0.87,2026-09-29T00:20:13.400821+00:00
CE Buy-Only,KITE/USDT,Chandelier Cross,2026-09-16 08:00 PM PKT,0.10054,STOPPED,0.107755,7.18,2026-09-29T00:20:13.402993+00:00
CE Buy-Only,KITE/USDT,Chandelier Cross,2026-09-17 09:00 PM PKT,0.10563,STOPPED,0.10535,-0.27,2026-09-29T00:20:13.405105+00:00
CE Buy-Only,KITE/USDT,Chandelier Cross,2026-09-25 12:00 PM PKT,0.12659,STOPPED,0.129474,2.28,2026-09-29T00:20:13.407300+00:00
CE Buy-Only,KITE/USDT,Chandelier Cross,2026-09-28 04:00 PM PKT,0.13724,STOPPED,0.13993,1.96,2026-09-29T00:20:13.409439+00:00
CE Buy-Only,S/USDT,Chandelier Cross,2026-09-09 09:00 AM PKT,0.02952,STOPPED,0.02949,-0.1,2026-09-29T00:34:40.232828+00:00
CE Buy-Only,S/USDT,Chandelier Cross,2026-09-13 02:00 PM PKT,0.0265,STOPPED,0.026413,-0.33,2026-09-29T00:34:40.235868+00:00
CE Buy-Only,S/USDT,Chandelier Cross,2026-09-15 01:00 PM PKT,0.02613,STOPPED,0.026117,-0.05,2026-09-29T00:34:40.238879+00:00
CE Buy-Only,KCS/USDT,Chandelier Cross,2026-09-12 01:00 PM PKT,6.918,STOPPED,6.914,-0.06,2026-09-29T00:48:43.699002+00:00
CE Buy-Only,KCS/USDT,Chandelier Cross,2026-09-13 02:00 PM PKT,6.858,STOPPED,6.855,-0.04,2026-09-29T00:48:43.700445+00:00
CE Buy-Only,KCS/USDT,Chandelier Cross,2026-09-15 12:00 PM PKT,6.895,STOPPED,6.893364,-0.02,2026-09-29T00:48:43.701916+00:00
CE Buy-Only,KCS/USDT,Chandelier Cross,2026-09-20 08:00 AM PKT,7.176,STOPPED,7.171,-0.07,2026-09-29T00:48:43.703368+00:00
CE Buy-Only,PIEVERSE/USDT,Chandelier Cross,2026-09-29 03:00 AM PKT,1.4572,STOPPED,1.4714,0.97,2026-09-29T01:02:06.671467+00:00
Pullback-in-Uptrend,SOON/USDT,EMA20 Pullback,2026-09-28 05:00 AM PKT,0.3318,STOPPED,0.291997,-12.0,2026-09-29T02:00:37.740092+00:00
Donchian Breakout,SOON/USDT,20-period High,2026-09-27 08:00 PM PKT,0.3343,STOPPED,0.291997,-12.65,2026-09-29T02:00:37.749146+00:00
Pullback-in-Uptrend,SEI/USDT,EMA20 Pullback,2026-09-28 03:00 PM PKT,0.07921,STOPPED,0.073564,-7.13,2026-09-29T02:06:34.661424+00:00
CE Buy-Only,BIO/USDT,Chandelier Cross,2026-09-13 05:00 AM PKT,0.02542,STOPPED,0.02545,0.12,2026-09-29T02:44:06.446262+00:00
CE Buy-Only,BIO/USDT,Chandelier Cross,2026-09-14 05:00 AM PKT,0.02524,STOPPED,0.02526,0.08,2026-09-29T02:44:06.449389+00:00
CE Buy-Only,BIO/USDT,Chandelier Cross,2026-09-15 01:00 PM PKT,0.02533,STOPPED,0.02523,-0.39,2026-09-29T02:44:06.452102+00:00
CE Buy-Only,BIO/USDT,Chandelier Cross,2026-09-20 04:00 PM PKT,0.02681,STOPPED,0.02686,0.19,2026-09-29T02:44:06.454813+00:00
CE Buy-Only,BIO/USDT,Chandelier Cross,2026-09-24 03:00 AM PKT,0.02817,STOPPED,0.02816,-0.04,2026-09-29T02:44:06.457542+00:00
CE Buy-Only,BIO/USDT,Chandelier Cross,2026-09-27 10:00 AM PKT,0.03176,STOPPED,0.03182,0.19,2026-09-29T02:44:06.460252+00:00
CE Buy-Only,BIO/USDT,Chandelier Cross,2026-09-28 04:00 PM PKT,0.02961,STOPPED,0.02999,1.28,2026-09-29T02:44:06.462986+00:00
Pullback-in-Uptrend,QNT/USDT,EMA20 Pullback,2026-09-28 04:00 PM PKT,236.892,STOPPED,204.845,-13.53,2026-09-29T03:04:33.513998+00:00
CE Buy-Only,MHA/USDT,Chandelier Cross,2026-09-29 06:00 AM PKT,0.009225,STOPPED,0.00912,-1.14,2026-09-29T03:04:58.301643+00:00
Union AB,QI/USDT,EMA+Breakout,2026-09-27 04:00 PM PKT,0.003775,STOPPED,0.002834,-24.93,2026-09-29T03:35:07.664492+00:00
Union AB Backup Tier,QI/USDT,EMA+Breakout,2026-09-27 04:00 PM PKT,0.003775,STOPPED,0.002834,-24.93,2026-09-29T03:35:07.667145+00:00
NEW AdvancedConfluence,QI/USDT,CHoCH,2026-09-13 06:00 AM PKT,0.001339,TARGET,0.00138,3.06,2026-09-29T03:35:07.692977+00:00
CE Buy-Only,QI/USDT,Chandelier Cross,2026-09-10 10:00 PM PKT,0.001259,STOPPED,0.001204,-4.37,2026-09-29T03:35:07.698678+00:00
CE Buy-Only,QI/USDT,Chandelier Cross,2026-09-14 09:00 AM PKT,0.001311,STOPPED,0.001313,0.15,2026-09-29T03:35:07.701183+00:00
CE Buy-Only,QI/USDT,Chandelier Cross,2026-09-15 03:00 PM PKT,0.001275,STOPPED,0.001266,-0.71,2026-09-29T03:35:07.703700+00:00
CE Buy-Only,QI/USDT,Chandelier Cross,2026-09-17 12:00 AM PKT,0.001181,STOPPED,0.001191,0.85,2026-09-29T03:35:07.706282+00:00
CE Buy-Only,QI/USDT,Chandelier Cross,2026-09-18 07:00 AM PKT,0.001263,STOPPED,0.001267,0.32,2026-09-29T03:35:07.709104+00:00
CE Buy-Only,QI/USDT,Chandelier Cross,2026-09-20 04:00 PM PKT,0.001354,STOPPED,0.001351,-0.22,2026-09-29T03:35:07.711865+00:00
CE Buy-Only,QI/USDT,Chandelier Cross,2026-09-22 08:00 PM PKT,0.001475,STOPPED,0.001499,1.63,2026-09-29T03:35:07.715115+00:00
CE Buy-Only,QI/USDT,Chandelier Cross,2026-09-24 02:00 AM PKT,0.001456,STOPPED,0.001455,-0.07,2026-09-29T03:35:07.717745+00:00
CE Buy-Only,QI/USDT,Chandelier Cross,2026-09-25 03:00 AM PKT,0.001489,STOPPED,0.00151,1.41,2026-09-29T03:35:07.720388+00:00
CE Buy-Only,QI/USDT,Chandelier Cross,2026-09-26 05:00 PM PKT,0.003126,STOPPED,0.002922,-6.53,2026-09-29T03:35:07.723113+00:00
CE Buy-Only,QI/USDT,Chandelier Cross,2026-09-28 05:00 AM PKT,0.00297,STOPPED,0.003099,4.34,2026-09-29T03:35:07.725712+00:00
Pullback-in-Uptrend,QI/USDT,EMA20 Pullback,2026-09-26 01:00 AM PKT,0.003556,STOPPED,0.002896,-18.56,2026-09-29T03:35:07.734774+00:00
Pullback-in-Uptrend,QI/USDT,EMA20 Pullback,2026-09-27 11:00 AM PKT,0.003196,STOPPED,0.003013,-5.73,2026-09-29T03:35:07.737071+00:00
Donchian Breakout,QI/USDT,20-period High,2026-09-25 03:00 PM PKT,0.004215,STOPPED,0.002896,-31.29,2026-09-29T03:35:07.748711+00:00
Donchian Breakout,QI/USDT,20-period High,2026-09-27 03:00 PM PKT,0.003491,STOPPED,0.003013,-13.69,2026-09-29T03:35:07.750953+00:00
Union AB,NAKA/USDT,EMA+Breakout,2026-09-08 01:00 PM PKT,0.07856,STOPPED,0.071487,-9.0,2026-09-29T03:42:12.356958+00:00
Union AB,NAKA/USDT,EMA+Breakout,2026-09-28 04:00 PM PKT,0.08569,TARGET,0.09751,13.79,2026-09-29T03:42:12.360540+00:00
Union AB Backup Tier,NAKA/USDT,EMA+Breakout,2026-09-08 01:00 PM PKT,0.07856,STOPPED,0.071487,-9.0,2026-09-29T03:42:12.362769+00:00
Union AB Backup Tier,NAKA/USDT,EMA+Breakout,2026-09-28 04:00 PM PKT,0.08569,TARGET,0.09751,13.79,2026-09-29T03:42:12.365515+00:00
NEW AdvancedConfluence,NAKA/USDT,CHoCH,2026-09-29 03:00 AM PKT,0.09096,TARGET,0.100921,10.95,2026-09-29T03:42:12.397456+00:00
CE Buy-Only,NAKA/USDT,Chandelier Cross,2026-09-09 09:00 PM PKT,0.07301,STOPPED,0.07348,0.64,2026-09-29T03:42:12.404513+00:00
CE Buy-Only,NAKA/USDT,Chandelier Cross,2026-09-10 02:00 PM PKT,0.06767,STOPPED,0.066472,-1.77,2026-09-29T03:42:12.407592+00:00
CE Buy-Only,NAKA/USDT,Chandelier Cross,2026-09-11 11:00 AM PKT,0.06576,STOPPED,0.06597,0.32,2026-09-29T03:42:12.410705+00:00
CE Buy-Only,NAKA/USDT,Chandelier Cross,2026-09-13 04:00 AM PKT,0.06827,STOPPED,0.068193,-0.11,2026-09-29T03:42:12.413758+00:00
CE Buy-Only,NAKA/USDT,Chandelier Cross,2026-09-14 07:00 AM PKT,0.06841,STOPPED,0.068841,0.63,2026-09-29T03:42:12.417097+00:00
CE Buy-Only,NAKA/USDT,Chandelier Cross,2026-09-15 03:00 PM PKT,0.06791,STOPPED,0.067896,-0.02,2026-09-29T03:42:12.420148+00:00
CE Buy-Only,NAKA/USDT,Chandelier Cross,2026-09-16 10:00 AM PKT,0.06509,STOPPED,0.065046,-0.07,2026-09-29T03:42:12.423246+00:00
CE Buy-Only,NAKA/USDT,Chandelier Cross,2026-09-17 02:00 AM PKT,0.06448,STOPPED,0.063532,-1.47,2026-09-29T03:42:12.426325+00:00
CE Buy-Only,NAKA/USDT,Chandelier Cross,2026-09-20 06:00 AM PKT,0.07466,STOPPED,0.077929,4.38,2026-09-29T03:42:12.429641+00:00
CE Buy-Only,NAKA/USDT,Chandelier Cross,2026-09-22 11:00 AM PKT,0.08029,STOPPED,0.08182,1.91,2026-09-29T03:42:12.432845+00:00
CE Buy-Only,NAKA/USDT,Chandelier Cross,2026-09-24 12:00 AM PKT,0.08145,STOPPED,0.08141,-0.05,2026-09-29T03:42:12.436010+00:00
CE Buy-Only,NAKA/USDT,Chandelier Cross,2026-09-26 10:00 PM PKT,0.08199,STOPPED,0.081777,-0.26,2026-09-29T03:42:12.439105+00:00
Pullback-in-Uptrend,NAKA/USDT,EMA20 Pullback,2026-09-09 09:00 AM PKT,0.091,STOPPED,0.075774,-16.73,2026-09-29T03:42:12.446690+00:00
Pullback-in-Uptrend,NAKA/USDT,EMA20 Pullback,2026-09-12 12:00 AM PKT,0.07173,STOPPED,0.07032,-1.97,2026-09-29T03:42:12.449404+00:00
Pullback-in-Uptrend,NAKA/USDT,EMA20 Pullback,2026-09-12 05:00 PM PKT,0.07102,STOPPED,0.069837,-1.67,2026-09-29T03:42:12.451719+00:00
Pullback-in-Uptrend,NAKA/USDT,EMA20 Pullback,2026-09-14 10:00 PM PKT,0.06956,STOPPED,0.068488,-1.54,2026-09-29T03:42:12.456995+00:00
Pullback-in-Uptrend,NAKA/USDT,EMA20 Pullback,2026-09-18 03:00 PM PKT,0.07209,STOPPED,0.076907,6.68,2026-09-29T03:42:12.461822+00:00
Pullback-in-Uptrend,NAKA/USDT,EMA20 Pullback,2026-09-20 07:00 AM PKT,0.07939,STOPPED,0.077114,-2.87,2026-09-29T03:42:12.464952+00:00
Pullback-in-Uptrend,NAKA/USDT,EMA20 Pullback,2026-09-21 05:00 PM PKT,0.08896,STOPPED,0.085251,-4.17,2026-09-29T03:42:12.467948+00:00
Pullback-in-Uptrend,NAKA/USDT,EMA20 Pullback,2026-09-22 08:00 PM PKT,0.08707,STOPPED,0.084178,-3.32,2026-09-29T03:42:12.471261+00:00
Pullback-in-Uptrend,NAKA/USDT,EMA20 Pullback,2026-09-25 05:00 PM PKT,0.08216,STOPPED,0.08356,1.7,2026-09-29T03:42:12.474988+00:00
Pullback-in-Uptrend,NAKA/USDT,EMA20 Pullback,2026-09-26 03:00 PM PKT,0.08529,STOPPED,0.08356,-2.03,2026-09-29T03:42:12.477418+00:00
Donchian Breakout,NAKA/USDT,20-period High,2026-09-19 09:00 AM PKT,0.07633,STOPPED,0.076907,0.76,2026-09-29T03:42:12.488089+00:00
Donchian Breakout,NAKA/USDT,20-period High,2026-09-20 11:00 PM PKT,0.08448,STOPPED,0.085251,0.91,2026-09-29T03:42:12.492095+00:00
Donchian Breakout,NAKA/USDT,20-period High,2026-09-25 05:00 PM PKT,0.08216,STOPPED,0.08356,1.7,2026-09-29T03:42:12.495750+00:00
CE Buy-Only,HOME/USDT,Chandelier Cross,2026-09-11 05:00 PM PKT,0.005413,STOPPED,0.005438,0.46,2026-09-29T03:49:15.535525+00:00
CE Buy-Only,HOME/USDT,Chandelier Cross,2026-09-13 09:00 AM PKT,0.005455,STOPPED,0.005464,0.16,2026-09-29T03:49:15.538502+00:00
CE Buy-Only,HOME/USDT,Chandelier Cross,2026-09-15 04:00 PM PKT,0.00525,STOPPED,0.005255,0.1,2026-09-29T03:49:15.541390+00:00
CE Buy-Only,HOME/USDT,Chandelier Cross,2026-09-21 08:00 AM PKT,0.006668,STOPPED,0.006704,0.54,2026-09-29T03:49:15.544291+00:00
CE Buy-Only,HOME/USDT,Chandelier Cross,2026-09-22 06:00 PM PKT,0.006519,STOPPED,0.006473,-0.71,2026-09-29T03:49:15.547094+00:00
CE Buy-Only,HOME/USDT,Chandelier Cross,2026-09-23 09:00 PM PKT,0.006137,STOPPED,0.006092,-0.73,2026-09-29T03:49:15.549963+00:00
CE Buy-Only,TEA/USDT,Chandelier Cross,2026-09-29 07:00 AM PKT,4.3e-05,STOPPED,4.3e-05,0.0,2026-09-29T05:00:17.363074+00:00
CE Buy-Only,ZBT/USDT,Chandelier Cross,2026-09-09 02:00 AM PKT,0.08425,STOPPED,0.08487,0.74,2026-09-29T05:15:29.278052+00:00
CE Buy-Only,ZBT/USDT,Chandelier Cross,2026-09-10 04:00 AM PKT,0.081,STOPPED,0.079986,-1.25,2026-09-29T05:15:29.280689+00:00
CE Buy-Only,ZBT/USDT,Chandelier Cross,2026-09-14 06:00 AM PKT,0.0792,STOPPED,0.079387,0.24,2026-09-29T05:15:29.283391+00:00
CE Buy-Only,ZBT/USDT,Chandelier Cross,2026-09-16 09:00 PM PKT,0.07535,STOPPED,0.07487,-0.64,2026-09-29T05:15:29.286018+00:00
CE Buy-Only,ZBT/USDT,Chandelier Cross,2026-09-20 08:00 PM PKT,0.07922,STOPPED,0.08079,1.98,2026-09-29T05:15:29.288959+00:00
CE Buy-Only,ZBT/USDT,Chandelier Cross,2026-09-24 03:00 AM PKT,0.08631,STOPPED,0.08584,-0.54,2026-09-29T05:15:29.291661+00:00
CE Buy-Only,ZBT/USDT,Chandelier Cross,2026-09-28 02:00 PM PKT,0.08466,STOPPED,0.084343,-0.37,2026-09-29T05:15:29.294236+00:00
Union AB,NAKA/USDT,EMA+Breakout,2026-09-29 08:00 AM PKT,0.11213,STOPPED,0.105912,-5.55,2026-09-29T06:05:49.104925+00:00
Union AB Backup Tier,NAKA/USDT,EMA+Breakout,2026-09-29 08:00 AM PKT,0.11213,STOPPED,0.105912,-5.55,2026-09-29T06:05:49.109775+00:00
Pullback-in-Uptrend,NAKA/USDT,EMA20 Pullback,2026-09-28 01:00 PM PKT,0.08157,STOPPED,0.108442,32.94,2026-09-29T06:05:49.220299+00:00
Donchian Breakout,NAKA/USDT,20-period High,2026-09-28 10:00 AM PKT,0.08233,STOPPED,0.108442,31.72,2026-09-29T06:05:49.238376+00:00
Donchian Breakout,NAKA/USDT,20-period High,2026-09-29 03:00 AM PKT,0.09096,STOPPED,0.108442,19.22,2026-09-29T06:05:49.240756+00:00
CE Buy-Only,ZIG/USDT,Chandelier Cross,2026-09-29 08:00 AM PKT,0.05085,STOPPED,0.05091,0.12,2026-09-29T06:05:56.366909+00:00
CE Buy-Only,SAPIEN/USDT,Chandelier Cross,2026-09-08 08:00 PM PKT,0.08068,STOPPED,0.08041,-0.33,2026-09-29T06:13:29.275302+00:00
CE Buy-Only,SAPIEN/USDT,Chandelier Cross,2026-09-10 10:00 AM PKT,0.07683,STOPPED,0.07637,-0.6,2026-09-29T06:13:29.278452+00:00
CE Buy-Only,SAPIEN/USDT,Chandelier Cross,2026-09-13 05:00 AM PKT,0.07496,STOPPED,0.075072,0.15,2026-09-29T06:13:29.281896+00:00
CE Buy-Only,SAPIEN/USDT,Chandelier Cross,2026-09-15 05:00 PM PKT,0.07418,STOPPED,0.07332,-1.16,2026-09-29T06:13:29.285091+00:00
CE Buy-Only,SAPIEN/USDT,Chandelier Cross,2026-09-16 08:00 PM PKT,0.06933,STOPPED,0.06915,-0.26,2026-09-29T06:13:29.288243+00:00
CE Buy-Only,SAPIEN/USDT,Chandelier Cross,2026-09-24 07:00 AM PKT,0.07541,STOPPED,0.07539,-0.03,2026-09-29T06:13:29.291464+00:00
CE Buy-Only,SAPIEN/USDT,Chandelier Cross,2026-09-25 09:00 AM PKT,0.07845,STOPPED,0.07836,-0.11,2026-09-29T06:13:29.294665+00:00
CE Buy-Only,SAPIEN/USDT,Chandelier Cross,2026-09-28 04:00 PM PKT,0.07567,STOPPED,0.075576,-0.12,2026-09-29T06:13:29.297855+00:00
NEW AdvancedConfluence,SPK/USDT,CHoCH,2026-09-18 05:00 AM PKT,0.01945,TARGET,0.020175,3.73,2026-09-29T06:56:10.922168+00:00
CE Buy-Only,SPK/USDT,Chandelier Cross,2026-09-09 05:00 AM PKT,0.02023,STOPPED,0.0201,-0.64,2026-09-29T06:56:10.926949+00:00
CE Buy-Only,SPK/USDT,Chandelier Cross,2026-09-13 08:00 AM PKT,0.01934,STOPPED,0.01914,-1.03,2026-09-29T06:56:10.929067+00:00
CE Buy-Only,SPK/USDT,Chandelier Cross,2026-09-14 05:00 AM PKT,0.01884,STOPPED,0.01868,-0.85,2026-09-29T06:56:10.931140+00:00
CE Buy-Only,SPK/USDT,Chandelier Cross,2026-09-14 10:00 PM PKT,0.01868,STOPPED,0.01868,0.0,2026-09-29T06:56:10.933250+00:00
CE Buy-Only,SPK/USDT,Chandelier Cross,2026-09-16 11:00 PM PKT,0.0178,STOPPED,0.01907,7.13,2026-09-29T06:56:10.936041+00:00
CE Buy-Only,SPK/USDT,Chandelier Cross,2026-09-20 06:00 PM PKT,0.01997,STOPPED,0.0199,-0.35,2026-09-29T06:56:10.938158+00:00
CE Buy-Only,SPK/USDT,Chandelier Cross,2026-09-24 05:00 AM PKT,0.02024,STOPPED,0.02005,-0.94,2026-09-29T06:56:10.940255+00:00
CE Buy-Only,SPK/USDT,Chandelier Cross,2026-09-28 09:00 AM PKT,0.02346,STOPPED,0.02337,-0.38,2026-09-29T06:56:10.942325+00:00
CE Buy-Only,ANSEM/USDT,Chandelier Cross,2026-09-29 10:00 AM PKT,0.1463,STOPPED,0.1445,-1.23,2026-09-29T08:00:04.441013+00:00
CE Buy-Only,APR/USDT,Chandelier Cross,2026-09-12 05:00 PM PKT,0.1483,STOPPED,0.1471,-0.81,2026-09-29T08:07:35.494126+00:00
CE Buy-Only,APR/USDT,Chandelier Cross,2026-09-19 04:00 PM PKT,0.1503,STOPPED,0.150045,-0.17,2026-09-29T08:07:35.497262+00:00
CE Buy-Only,APR/USDT,Chandelier Cross,2026-09-26 06:00 PM PKT,0.1438,STOPPED,0.1443,0.35,2026-09-29T08:07:35.500441+00:00
CE Buy-Only,APR/USDT,Chandelier Cross,2026-09-27 04:00 PM PKT,0.1358,STOPPED,0.134932,-0.64,2026-09-29T08:07:35.503462+00:00
CE Buy-Only,APR/USDT,Chandelier Cross,2026-09-28 05:00 PM PKT,0.1304,STOPPED,0.128255,-1.64,2026-09-29T08:07:35.506489+00:00
CE Buy-Only,POND/USDT,Chandelier Cross,2026-09-10 08:00 AM PKT,0.000849,STOPPED,0.000848,-0.12,2026-09-29T09:15:05.025606+00:00
CE Buy-Only,POND/USDT,Chandelier Cross,2026-09-12 09:00 AM PKT,0.000854,STOPPED,0.000851,-0.35,2026-09-29T09:15:05.028850+00:00
CE Buy-Only,POND/USDT,Chandelier Cross,2026-09-16 11:00 PM PKT,0.000781,STOPPED,0.000787,0.77,2026-09-29T09:15:05.031939+00:00
CE Buy-Only,POND/USDT,Chandelier Cross,2026-09-18 05:00 AM PKT,0.000801,STOPPED,0.000793,-1.0,2026-09-29T09:15:05.034976+00:00
CE Buy-Only,POND/USDT,Chandelier Cross,2026-09-20 04:00 PM PKT,0.000847,STOPPED,0.000852,0.59,2026-09-29T09:15:05.038082+00:00
CE Buy-Only,POND/USDT,Chandelier Cross,2026-09-25 08:00 AM PKT,0.00087,STOPPED,0.00088,1.15,2026-09-29T09:15:05.041189+00:00
CE Buy-Only,POND/USDT,Chandelier Cross,2026-09-28 01:00 PM PKT,0.001411,STOPPED,0.001393,-1.28,2026-09-29T09:15:05.044249+00:00
CE Buy-Only,CRCLX/USDT,Chandelier Cross,2026-09-29 10:00 AM PKT,85.8,STOPPED,86.291875,0.57,2026-09-29T10:06:53.820830+00:00
NEW AdvancedConfluence,0G/USDT,CHoCH,2026-09-22 10:00 AM PKT,0.2368,STOPPED,0.228869,-3.35,2026-09-29T10:35:46.837451+00:00
CE Buy-Only,0G/USDT,Chandelier Cross,2026-09-15 09:00 AM PKT,0.1942,STOPPED,0.1944,0.1,2026-09-29T10:35:46.844887+00:00
CE Buy-Only,ZBCN/USDT,Chandelier Cross,2026-09-12 07:00 AM PKT,0.001786,STOPPED,0.001789,0.17,2026-09-29T10:43:02.757892+00:00
CE Buy-Only,ZBCN/USDT,Chandelier Cross,2026-09-23 09:00 PM PKT,0.001991,STOPPED,0.001982,-0.45,2026-09-29T10:43:02.759698+00:00
CE Buy-Only,ZBCN/USDT,Chandelier Cross,2026-09-26 11:00 AM PKT,0.002104,STOPPED,0.002129,1.19,2026-09-29T10:43:02.761523+00:00
CE Buy-Only,DGAI/USDT,Chandelier Cross,2026-09-29 03:00 PM PKT,0.97746,STOPPED,0.975947,-0.15,2026-09-29T12:03:02.705881+00:00
NEW AdvancedConfluence,PHA/USDT,CHoCH,2026-09-09 08:00 PM PKT,0.0304,TARGET,0.034488,13.45,2026-09-29T12:11:01.092949+00:00
NEW AdvancedConfluence,PHA/USDT,CHoCH,2026-09-12 08:00 PM PKT,0.0261,TARGET,0.027675,6.03,2026-09-29T12:11:01.094672+00:00
NEW AdvancedConfluence,PHA/USDT,CHoCH,2026-09-25 11:00 AM PKT,0.0567,TARGET,0.064375,13.54,2026-09-29T12:11:01.096576+00:00
CE Buy-Only,PHA/USDT,Chandelier Cross,2026-09-10 09:00 AM PKT,0.0266,STOPPED,0.0265,-0.38,2026-09-29T12:11:01.103492+00:00
CE Buy-Only,PHA/USDT,Chandelier Cross,2026-09-11 05:00 PM PKT,0.025,STOPPED,0.025475,1.9,2026-09-29T12:11:01.106597+00:00
CE Buy-Only,PHA/USDT,Chandelier Cross,2026-09-16 08:00 PM PKT,0.0261,STOPPED,0.0259,-0.77,2026-09-29T12:11:01.109769+00:00
CE Buy-Only,PHA/USDT,Chandelier Cross,2026-09-27 04:00 PM PKT,0.0716,STOPPED,0.0692,-3.35,2026-09-29T12:11:01.112858+00:00
CE Buy-Only,PHA/USDT,Chandelier Cross,2026-09-28 03:00 PM PKT,0.0619,STOPPED,0.0611,-1.29,2026-09-29T12:11:01.115957+00:00
Pullback-in-Uptrend,PHA/USDT,EMA20 Pullback,2026-09-24 02:00 PM PKT,0.0475,STOPPED,0.072025,51.63,2026-09-29T12:11:01.131354+00:00
Pullback-in-Uptrend,PHA/USDT,EMA20 Pullback,2026-09-25 09:00 AM PKT,0.0501,STOPPED,0.072025,43.76,2026-09-29T12:11:01.136064+00:00
Pullback-in-Uptrend,PHA/USDT,EMA20 Pullback,2026-09-26 06:00 PM PKT,0.0821,STOPPED,0.072025,-12.27,2026-09-29T12:11:01.139048+00:00
Donchian Breakout,PHA/USDT,20-period High,2026-09-24 04:00 PM PKT,0.0508,STOPPED,0.072025,41.78,2026-09-29T12:11:01.153905+00:00
Donchian Breakout,PHA/USDT,20-period High,2026-09-25 11:00 AM PKT,0.0567,STOPPED,0.072025,27.03,2026-09-29T12:11:01.158547+00:00
Pullback-in-Uptrend,HBAR/USDT,EMA20 Pullback,2026-09-29 08:00 AM PKT,0.11856,STOPPED,0.114726,-3.23,2026-09-29T13:01:27.494662+00:00
Donchian Breakout,HBAR/USDT,20-period High,2026-09-28 05:00 AM PKT,0.09633,STOPPED,0.114726,19.1,2026-09-29T13:01:27.501835+00:00
Donchian Breakout,HBAR/USDT,20-period High,2026-09-28 10:00 PM PKT,0.12976,STOPPED,0.114726,-11.59,2026-09-29T13:01:27.503753+00:00
NEW AdvancedConfluence,ZBCN/USDT,CHoCH,2026-09-29 03:00 PM PKT,0.002435,STOPPED,0.002401,-1.4,2026-09-29T13:02:12.539228+00:00
CE Buy-Only,ULTIMA/USDT,Chandelier Cross,2026-09-29 03:00 PM PKT,1751.0,STOPPED,1740.29,-0.61,2026-09-29T13:02:22.891009+00:00
CE Buy-Only,ALIGN/USDT,Chandelier Cross,2026-09-10 05:00 AM PKT,0.00714,STOPPED,0.007097,-0.6,2026-09-29T13:09:39.203734+00:00
CE Buy-Only,ALIGN/USDT,Chandelier Cross,2026-09-14 08:00 AM PKT,0.00592,STOPPED,0.00592,0.0,2026-09-29T13:09:39.206467+00:00
CE Buy-Only,ALIGN/USDT,Chandelier Cross,2026-09-17 11:00 PM PKT,0.00679,STOPPED,0.00693,2.06,2026-09-29T13:09:39.209189+00:00
CE Buy-Only,ALIGN/USDT,Chandelier Cross,2026-09-24 01:00 AM PKT,0.00626,STOPPED,0.006236,-0.38,2026-09-29T13:09:39.211847+00:00
CE Buy-Only,KII/USDT,Chandelier Cross,2026-09-29 04:00 PM PKT,0.08888,STOPPED,0.08926,0.43,2026-09-29T14:01:32.492863+00:00
